FAT_YEARMONTH,FAT_DAY,FAT_TIME,FATALITY_ID,EVENT_ID,FATALITY_TYPE,FATALITY_DATE,FATALITY_AGE,FATALITY_SEX,FATALITY_LOCATION,EVENT_YEARMONTH
202106,9,0,42960,953511,"D","06/09/2021 00:00:00",70,"M","Golfing",202106
202111,25,0,44786,989138,"I","11/25/2021 00:00:00",,"M","Outside/Open Areas",202111
202111,7,0,45176,992676,"I","11/07/2021 00:00:00",,"","Unknown",202111
202111,11,0,45190,993049,"I","11/11/2021 00:00:00",32,"F","Vehicle/Towed Trailer",202111
202111,11,0,45191,993049,"I","11/11/2021 00:00:00",11,"M","Vehicle/Towed Trailer",202111
202111,29,0,45193,993061,"I","11/29/2021 00:00:00",75,"M","Vehicle/Towed Trailer",202111
202111,2,0,45200,993065,"D","11/02/2021 00:00:00",51,"F","In Water",202111
202111,9,0,45201,993071,"D","11/09/2021 00:00:00",43,"M","In Water",202111
202111,9,0,45202,993071,"D","11/09/2021 00:00:00",46,"M","In Water",202111
202111,13,0,45203,993074,"D","11/13/2021 00:00:00",71,"M","In Water",202111
202111,16,0,45204,993075,"D","11/16/2021 00:00:00",,"M","In Water",202111
202106,26,0,44280,977284,"D","06/26/2021 00:00:00",52,"F","Vehicle/Towed Trailer",202106
202102,11,0,42583,942568,"D","02/11/2021 00:00:00",,"","Vehicle/Towed Trailer",202102
202102,16,0,42660,944404,"D","02/16/2021 00:00:00",,"","Vehicle/Towed Trailer",202102
202103,25,0,42862,946870,"D","03/25/2021 00:00:00",71,"M","Unknown",202103
202103,25,0,42863,946870,"D","03/25/2021 00:00:00",71,"F","Unknown",202103
202103,25,0,42864,946870,"D","03/25/2021 00:00:00",74,"M","Mobile/Trailer Home",202103
202103,25,0,42865,946870,"D","03/25/2021 00:00:00",69,"F","Mobile/Trailer Home",202103
202103,25,0,42866,946870,"D","03/25/2021 00:00:00",38,"F","Mobile/Trailer Home",202103
202103,25,0,42867,946870,"D","03/25/2021 00:00:00",59,"F","Mobile/Trailer Home",202103
202103,27,0,42902,949499,"D","03/27/2021 00:00:00",71,"M","In Water",202103
202103,28,0,42903,949500,"D","03/28/2021 00:00:00",62,"M","In Water",202103
202109,1,0,44550,972354,"D","09/01/2021 00:00:00",68,"F","Permanent Home",202109
202109,1,0,45976,981414,"D","09/01/2021 00:00:00",51,"M","Unknown",202109
202109,1,0,45982,981418,"D","09/01/2021 00:00:00",70,"M","Unknown",202109
202109,1,0,45983,981418,"D","09/01/2021 00:00:00",65,"M","Unknown",202109
202109,1,0,45984,981440,"D","09/01/2021 00:00:00",65,"M","Vehicle/Towed Trailer",202109
202109,1,0,45966,985743,"D","09/01/2021 00:00:00",78,"F","Vehicle/Towed Trailer",202109
202109,1,0,45967,985743,"D","09/01/2021 00:00:00",25,"M","Vehicle/Towed Trailer",202109
202109,1,0,45960,985744,"D","09/01/2021 00:00:00",40,"M","Outside/Open Areas",202109
202109,1,0,45961,985744,"D","09/01/2021 00:00:00",31,"M","Outside/Open Areas",202109
202109,1,0,45962,985744,"I","09/01/2021 00:00:00",56,"F","Outside/Open Areas",202109
202109,1,0,45973,986281,"D","09/01/2021 00:00:00",,"","Vehicle/Towed Trailer",202109
202109,1,0,45974,986281,"D","09/01/2021 00:00:00",,"","Vehicle/Towed Trailer",202109
202109,1,0,45975,986281,"D","09/01/2021 00:00:00",46,"F","Vehicle/Towed Trailer",202109
202109,1,0,45971,986282,"D","09/01/2021 00:00:00",61,"F","Vehicle/Towed Trailer",202109
202109,1,0,45972,986282,"D","09/01/2021 00:00:00",30,"F","Vehicle/Towed Trailer",202109
202109,1,0,45956,986283,"D","09/01/2021 00:00:00",77,"M","Unknown",202109
202109,1,0,45954,986283,"D","09/01/2021 00:00:00",68,"M","Vehicle/Towed Trailer",202109
202109,1,0,45955,986283,"D","09/01/2021 00:00:00",53,"M","Vehicle/Towed Trailer",202109
202109,1,0,45957,986283,"D","09/01/2021 00:00:00",25,"M","Vehicle/Towed Trailer",202109
202109,1,0,45958,986283,"D","09/01/2021 00:00:00",30,"F","Vehicle/Towed Trailer",202109
202109,1,0,45959,986283,"D","09/01/2021 00:00:00",68,"M","Vehicle/Towed Trailer",202109
202112,3,0,44784,988099,"I","12/03/2021 00:00:00",,"","Vehicle/Towed Trailer",202112
202112,3,0,44779,988101,"I","12/03/2021 00:00:00",53,"M","Vehicle/Towed Trailer",202112
202112,23,0,46000,998916,"I","12/23/2021 00:00:00",63,"F","Vehicle/Towed Trailer",202112
202112,16,0,45998,1004971,"I","12/16/2021 00:00:00",50,"F","Vehicle/Towed Trailer",202112
202112,16,0,45999,1004971,"I","12/16/2021 00:00:00",48,"F","Vehicle/Towed Trailer",202112
202106,27,0,44091,961837,"D","06/27/2021 00:00:00",,"","Unknown",202106
202106,27,0,44092,961837,"D","06/27/2021 00:00:00",,"","Unknown",202106
202106,27,0,44093,961837,"D","06/27/2021 00:00:00",,"","Unknown",202106
202107,3,0,44094,961837,"D","07/03/2021 00:00:00",70,"M","Unknown",202106
202107,4,0,44095,961837,"D","07/04/2021 00:00:00",74,"F","Unknown",202106
202107,8,0,44096,961837,"D","07/08/2021 00:00:00",42,"M","Unknown",202106
202106,27,0,44097,961837,"D","06/27/2021 00:00:00",47,"M","Unknown",202106
202106,28,0,44098,961837,"D","06/28/2021 00:00:00",68,"M","Unknown",202106
202106,29,0,44099,961837,"D","06/29/2021 00:00:00",67,"M","Unknown",202106
202106,28,0,44100,961837,"D","06/28/2021 00:00:00",73,"F","Unknown",202106
202106,26,0,44101,961837,"D","06/26/2021 00:00:00",,"M","Unknown",202106
202106,28,0,44102,961837,"D","06/28/2021 00:00:00",,"","Unknown",202106
202106,26,0,44087,961837,"I","06/26/2021 00:00:00",37,"M","In Water",202106
202106,29,0,44103,961837,"I","06/29/2021 00:00:00",51,"M","In Water",202106
202106,30,0,44086,961837,"D","06/30/2021 00:00:00",38,"M","Outside/Open Areas",202106
202107,27,0,45671,964033,"D","07/27/2021 00:00:00",,"F","Other",202107
202107,5,0,43992,964771,"D","07/05/2021 00:00:00",72,"M","Unknown",202106
202107,9,0,44082,965817,"D","07/09/2021 00:00:00",,"M","Unknown",202106
202107,1,0,44083,965817,"D","07/01/2021 00:00:00",,"","Unknown",202106
202106,28,0,44084,965817,"D","06/28/2021 00:00:00",,"","Unknown",202106
202106,27,0,44085,965818,"D","06/27/2021 00:00:00",64,"M","Other",202106
202106,27,0,43728,965819,"I","06/27/2021 00:00:00",44,"M","In Water",202106
202106,29,0,43989,965820,"D","06/29/2021 00:00:00",,"F","Unknown",202106
202107,5,0,43990,965820,"D","07/05/2021 00:00:00",,"F","Unknown",202106
202106,30,0,44104,965929,"I","06/30/2021 00:00:00",10,"F","In Water",202106
202106,28,0,43729,965965,"I","06/28/2021 00:00:00",48,"F","In Water",202106
202107,28,0,43338,968238,"I","07/28/2021 00:00:00",85,"M","Permanent Home",202107
202106,29,0,43993,970023,"D","06/29/2021 00:00:00",59,"F","Unknown",202106
202107,1,0,43994,970023,"D","07/01/2021 00:00:00",,"M","Unknown",202106
202108,1,0,44284,972552,"I","08/01/2021 00:00:00",56,"M","Outside/Open Areas",202108
202108,11,0,44281,978377,"D","08/11/2021 00:00:00",55,"F","Mobile/Trailer Home",202108
202108,22,0,44361,980438,"D","08/22/2021 00:00:00",19,"M","In Water",202108
202108,22,0,44362,980582,"D","08/22/2021 00:00:00",16,"M","In Water",202108
202108,11,0,44380,981000,"I","08/11/2021 00:00:00",22,"M","In Water",202108
202108,11,0,44381,981001,"I","08/11/2021 00:00:00",22,"F","In Water",202108
202108,14,0,44384,981002,"I","08/14/2021 00:00:00",61,"M","In Water",202108
202108,11,0,44768,981003,"D","08/11/2021 00:00:00",,"","Unknown",202108
202108,11,0,44769,981003,"D","08/11/2021 00:00:00",,"","Unknown",202108
202108,11,0,44770,981003,"D","08/11/2021 00:00:00",,"","Unknown",202108
202111,6,0,45260,992153,"D","11/06/2021 00:00:00",,"M","Outside/Open Areas",202111
202111,6,0,45259,992154,"D","11/06/2021 00:00:00",14,"M","Under Tree",202111
202107,20,0,45669,961309,"D","07/20/2021 00:00:00",31,"M","Other",202107
202106,30,0,44680,961302,"D","06/30/2021 00:00:00",67,"M","Unknown",202106
202106,29,0,44692,961302,"D","06/29/2021 00:00:00",,"F","Unknown",202106
202106,29,0,44704,961302,"D","06/29/2021 00:00:00",,"F","Unknown",202106
202106,30,0,44716,961302,"D","06/30/2021 00:00:00",49,"F","Unknown",202106
202107,2,0,44728,961302,"D","07/02/2021 00:00:00",,"M","Unknown",202106
202107,13,0,44740,961302,"D","07/13/2021 00:00:00",,"M","Unknown",202106
202106,30,0,44752,961302,"D","06/30/2021 00:00:00",79,"F","Unknown",202106
202106,28,0,44764,961302,"D","06/28/2021 00:00:00",,"","Unknown",202106
202106,29,0,44695,961302,"D","06/29/2021 00:00:00",68,"F","Unknown",202106
202107,2,0,44730,961302,"D","07/02/2021 00:00:00",,"M","Unknown",202106
202106,28,0,44762,961302,"D","06/28/2021 00:00:00",,"","Unknown",202106
202101,25,0,42156,930321,"D","01/25/2021 00:00:00",36,"M","Vehicle/Towed Trailer",202101
202102,20,0,42475,938139,"D","02/20/2021 00:00:00",19,"M","Outside/Open Areas",202102
202102,11,0,42611,940657,"D","02/11/2021 00:00:00",84,"M","Vehicle/Towed Trailer",202102
202102,11,0,42609,941809,"I","02/11/2021 00:00:00",,"","Unknown",202102
202106,30,0,44717,961302,"D","06/30/2021 00:00:00",72,"F","Unknown",202106
202106,30,0,44718,961302,"D","06/30/2021 00:00:00",77,"M","Unknown",202106
202106,30,0,44719,961302,"D","06/30/2021 00:00:00",62,"M","Unknown",202106
202106,30,0,44720,961302,"D","06/30/2021 00:00:00",79,"M","Unknown",202106
202102,14,0,42870,946439,"I","02/14/2021 00:00:00",57,"M","Vehicle/Towed Trailer",202102
202102,1,0,42884,949715,"D","02/01/2021 00:00:00",84,"M","Permanent Home",202102
202102,3,0,42885,949715,"D","02/03/2021 00:00:00",90,"F","Permanent Home",202102
202102,9,0,42886,949715,"D","02/09/2021 00:00:00",53,"M","Permanent Home",202102
202102,9,0,42887,949715,"D","02/09/2021 00:00:00",84,"M","Permanent Home",202102
202102,13,0,42888,949715,"D","02/13/2021 00:00:00",71,"M","Permanent Home",202102
202102,13,0,42889,949715,"D","02/13/2021 00:00:00",67,"F","Permanent Home",202102
202102,16,0,42890,949715,"D","02/16/2021 00:00:00",63,"M","Permanent Home",202102
202102,15,0,42922,951833,"I","02/15/2021 00:00:00",,"","Unknown",202102
202102,15,0,42925,951834,"I","02/15/2021 00:00:00",,"","Unknown",202102
202106,28,0,44675,961302,"D","06/28/2021 00:00:00",84,"M","Unknown",202106
202106,29,0,44676,961302,"D","06/29/2021 00:00:00",69,"M","Unknown",202106
202106,29,0,44677,961302,"D","06/29/2021 00:00:00",69,"F","Unknown",202106
202106,29,0,44678,961302,"D","06/29/2021 00:00:00",64,"F","Unknown",202106
202106,30,0,44679,961302,"D","06/30/2021 00:00:00",82,"M","Unknown",202106
202107,4,0,44681,961302,"D","07/04/2021 00:00:00",83,"F","Unknown",202106
202106,28,0,44682,961302,"D","06/28/2021 00:00:00",90,"F","Unknown",202106
202106,28,0,44683,961302,"D","06/28/2021 00:00:00",,"M","Unknown",202106
202106,28,0,44684,961302,"D","06/28/2021 00:00:00",,"F","Unknown",202106
202106,28,0,44685,961302,"D","06/28/2021 00:00:00",67,"F","Unknown",202106
202106,28,0,44686,961302,"D","06/28/2021 00:00:00",79,"F","Unknown",202106
202106,28,0,44687,961302,"D","06/28/2021 00:00:00",,"M","Unknown",202106
202106,28,0,44688,961302,"D","06/28/2021 00:00:00",,"M","Unknown",202106
202106,28,0,44689,961302,"D","06/28/2021 00:00:00",,"F","Unknown",202106
202106,28,0,44690,961302,"D","06/28/2021 00:00:00",,"M","Unknown",202106
202106,28,0,44691,961302,"D","06/28/2021 00:00:00",83,"M","Unknown",202106
202106,29,0,44693,961302,"D","06/29/2021 00:00:00",60,"F","Unknown",202106
202106,29,0,44694,961302,"D","06/29/2021 00:00:00",69,"M","Unknown",202106
202106,29,0,44696,961302,"D","06/29/2021 00:00:00",80,"F","Unknown",202106
202106,29,0,44697,961302,"D","06/29/2021 00:00:00",68,"M","Unknown",202106
202106,29,0,44698,961302,"D","06/29/2021 00:00:00",,"M","Unknown",202106
202106,29,0,44699,961302,"D","06/29/2021 00:00:00",,"M","Unknown",202106
202106,29,0,44700,961302,"D","06/29/2021 00:00:00",,"M","Unknown",202106
202106,29,0,44701,961302,"D","06/29/2021 00:00:00",72,"F","Unknown",202106
202106,29,0,44702,961302,"D","06/29/2021 00:00:00",90,"F","Unknown",202106
202106,29,0,44703,961302,"D","06/29/2021 00:00:00",,"M","Unknown",202106
202106,29,0,44705,961302,"D","06/29/2021 00:00:00",,"M","Unknown",202106
202106,29,0,44706,961302,"D","06/29/2021 00:00:00",,"M","Unknown",202106
202106,29,0,44707,961302,"D","06/29/2021 00:00:00",,"M","Unknown",202106
202106,29,0,44708,961302,"D","06/29/2021 00:00:00",69,"M","Unknown",202106
202106,29,0,44709,961302,"D","06/29/2021 00:00:00",57,"F","Unknown",202106
202106,29,0,44710,961302,"D","06/29/2021 00:00:00",,"F","Unknown",202106
202106,29,0,44711,961302,"D","06/29/2021 00:00:00",,"M","Unknown",202106
202106,28,0,44712,961302,"D","06/28/2021 00:00:00",97,"F","Unknown",202106
202106,30,0,44713,961302,"D","06/30/2021 00:00:00",82,"F","Unknown",202106
202106,30,0,44714,961302,"D","06/30/2021 00:00:00",,"F","Unknown",202106
202106,30,0,44715,961302,"D","06/30/2021 00:00:00",,"M","Unknown",202106
202106,19,0,45409,994868,"D","06/19/2021 00:00:00",24,"M","Mobile/Trailer Home",202106
202106,19,0,45410,994868,"D","06/19/2021 00:00:00",3,"M","Mobile/Trailer Home",202106
202104,13,0,45429,995901,"D","04/13/2021 00:00:00",63,"M","Other",202104
202104,13,0,45430,995901,"D","04/13/2021 00:00:00",69,"M","Other",202104
202104,13,0,45431,995901,"D","04/13/2021 00:00:00",53,"M","Other",202104
202104,13,0,45432,995901,"D","04/13/2021 00:00:00",55,"M","Other",202104
202104,13,0,45433,995901,"D","04/13/2021 00:00:00",36,"M","Other",202104
202104,13,0,45434,995901,"D","04/13/2021 00:00:00",30,"M","Other",202104
202104,13,0,45435,995901,"D","04/13/2021 00:00:00",,"M","Other",202104
202104,13,0,45436,995901,"D","04/13/2021 00:00:00",31,"M","Other",202104
202104,13,0,45437,995901,"D","04/13/2021 00:00:00",37,"M","Other",202104
202104,13,0,45438,995901,"D","04/13/2021 00:00:00",62,"M","Other",202104
202104,13,0,45439,995901,"D","04/13/2021 00:00:00",,"M","Other",202104
202104,13,0,45440,995901,"D","04/13/2021 00:00:00",,"M","Other",202104
202104,13,0,45441,995901,"D","04/13/2021 00:00:00",,"M","Other",202104
202101,13,0,44263,937289,"I","01/13/2021 00:00:00",,"","Vehicle/Towed Trailer",202101
202101,13,0,44265,938508,"D","01/13/2021 00:00:00",,"","Vehicle/Towed Trailer",202101
202102,15,0,44129,945569,"D","02/15/2021 00:00:00",79,"M","Permanent Home",202102
202102,15,0,44130,945569,"D","02/15/2021 00:00:00",73,"F","Permanent Home",202102
202102,15,0,44131,945569,"D","02/15/2021 00:00:00",72,"M","Permanent Home",202102
202105,30,0,44120,952642,"D","05/30/2021 00:00:00",47,"F","Vehicle/Towed Trailer",202105
202105,16,0,43225,963303,"D","05/16/2021 00:00:00",15,"F","In Water",202105
202105,23,0,43233,964010,"D","05/23/2021 00:00:00",18,"M","In Water",202105
202106,28,0,43345,968866,"D","06/28/2021 00:00:00",,"","Outside/Open Areas",202106
202106,28,0,43346,968866,"D","06/28/2021 00:00:00",,"","Outside/Open Areas",202106
202106,29,0,44271,969166,"D","06/29/2021 00:00:00",73,"F","Unknown",202106
202106,29,0,44272,969166,"D","06/29/2021 00:00:00",71,"F","Unknown",202106
202106,19,0,43365,969213,"D","06/19/2021 00:00:00",23,"F","In Water",202106
202105,22,0,44178,975093,"D","05/22/2021 00:00:00",60,"F","In Water",202105
202106,30,0,44721,961302,"D","06/30/2021 00:00:00",,"M","Unknown",202106
202106,28,0,44722,961302,"D","06/28/2021 00:00:00",,"F","Unknown",202106
202107,1,0,44723,961302,"D","07/01/2021 00:00:00",74,"M","Unknown",202106
202107,1,0,44724,961302,"D","07/01/2021 00:00:00",,"M","Unknown",202106
202107,1,0,44725,961302,"D","07/01/2021 00:00:00",73,"M","Unknown",202106
202107,1,0,44726,961302,"D","07/01/2021 00:00:00",,"M","Unknown",202106
202107,1,0,44727,961302,"D","07/01/2021 00:00:00",63,"M","Unknown",202106
202107,2,0,44729,961302,"D","07/02/2021 00:00:00",67,"M","Unknown",202106
202107,2,0,44731,961302,"D","07/02/2021 00:00:00",72,"F","Unknown",202106
202107,2,0,44732,961302,"D","07/02/2021 00:00:00",,"M","Unknown",202106
202107,4,0,44733,961302,"D","07/04/2021 00:00:00",,"F","Unknown",202106
202107,6,0,44734,961302,"D","07/06/2021 00:00:00",,"M","Unknown",202106
202107,7,0,44735,961302,"D","07/07/2021 00:00:00",,"M","Unknown",202106
202106,30,0,44736,961302,"D","06/30/2021 00:00:00",,"F","Unknown",202106
202107,11,0,44737,961302,"D","07/11/2021 00:00:00",,"M","Unknown",202106
202107,8,0,44738,961302,"D","07/08/2021 00:00:00",,"M","Unknown",202106
202107,6,0,44739,961302,"D","07/06/2021 00:00:00",,"M","Unknown",202106
202107,5,0,44741,961302,"D","07/05/2021 00:00:00",,"M","Unknown",202106
202107,1,0,44742,961302,"D","07/01/2021 00:00:00",78,"M","Unknown",202106
202107,1,0,44743,961302,"D","07/01/2021 00:00:00",79,"M","Unknown",202106
202107,5,0,44744,961302,"D","07/05/2021 00:00:00",,"M","Unknown",202106
202107,9,0,44745,961302,"D","07/09/2021 00:00:00",36,"F","Unknown",202106
202106,29,0,44746,961302,"D","06/29/2021 00:00:00",74,"F","Unknown",202106
202106,29,0,44747,961302,"D","06/29/2021 00:00:00",,"","Unknown",202106
202106,29,0,44748,961302,"D","06/29/2021 00:00:00",,"","Unknown",202106
202106,29,0,44749,961302,"D","06/29/2021 00:00:00",,"","Unknown",202106
202106,29,0,44750,961302,"D","06/29/2021 00:00:00",,"F","Unknown",202106
202106,29,0,44751,961302,"D","06/29/2021 00:00:00",74,"F","Unknown",202106
202106,30,0,44753,961302,"D","06/30/2021 00:00:00",64,"M","Unknown",202106
202106,29,0,44754,961302,"D","06/29/2021 00:00:00",,"M","Unknown",202106
202106,28,0,44755,961302,"D","06/28/2021 00:00:00",,"F","Unknown",202106
202106,29,0,44756,961302,"D","06/29/2021 00:00:00",,"","Unknown",202106
202106,29,0,44757,961302,"D","06/29/2021 00:00:00",,"","Unknown",202106
202106,29,0,44758,961302,"D","06/29/2021 00:00:00",,"","Unknown",202106
202106,29,0,44759,961302,"D","06/29/2021 00:00:00",,"","Unknown",202106
202106,29,0,44760,961302,"D","06/29/2021 00:00:00",,"","Unknown",202106
202107,4,0,44761,961302,"D","07/04/2021 00:00:00",69,"F","Unknown",202106
202106,28,0,44763,961302,"D","06/28/2021 00:00:00",,"","Unknown",202106
202106,29,0,44765,961302,"D","06/29/2021 00:00:00",,"","Unknown",202106
202106,29,0,44766,961302,"D","06/29/2021 00:00:00",,"","Unknown",202106
202106,29,0,44767,961302,"D","06/29/2021 00:00:00",,"","Unknown",202106
202107,20,0,45668,961309,"D","07/20/2021 00:00:00",32,"M","Other",202107
202107,20,0,45670,961309,"D","07/20/2021 00:00:00",,"M","Other",202107
202106,27,0,44088,961837,"D","06/27/2021 00:00:00",,"","Unknown",202106
202106,27,0,44089,961837,"D","06/27/2021 00:00:00",,"","Unknown",202106
202106,27,0,44090,961837,"D","06/27/2021 00:00:00",,"","Unknown",202106
202109,14,0,44623,986809,"D","09/14/2021 00:00:00",27,"M","Outside/Open Areas",202109
202101,10,0,42488,939420,"D","01/10/2021 00:00:00",54,"F","Other",202101
202103,24,0,42891,949942,"D","03/24/2021 00:00:00",62,"F","Mobile/Trailer Home",202103
202106,19,0,43760,970469,"D","06/19/2021 00:00:00",30,"M","Outside/Open Areas",202106
202106,14,0,42967,954685,"D","06/14/2021 00:00:00",67,"M","In Water",202106
202106,1,0,43015,954776,"D","06/01/2021 00:00:00",28,"F","In Water",202106
202106,22,0,43027,955782,"D","06/22/2021 00:00:00",37,"F","In Water",202106
202106,20,0,43036,956282,"D","06/20/2021 00:00:00",10,"F","In Water",202106
202106,20,0,43037,956282,"D","06/20/2021 00:00:00",45,"M","In Water",202106
202106,19,0,43043,956489,"D","06/19/2021 00:00:00",10,"F","In Water",202106
202106,19,0,43041,956490,"D","06/19/2021 00:00:00",17,"M","In Water",202106
202106,26,0,43237,956680,"D","06/26/2021 00:00:00",16,"M","In Water",202106
202106,26,0,43238,956680,"D","06/26/2021 00:00:00",32,"M","In Water",202106
202106,13,0,43052,956726,"D","06/13/2021 00:00:00",28,"M","Boating",202106
202106,18,0,43164,957371,"D","06/18/2021 00:00:00",31,"M","Vehicle/Towed Trailer",202106
202106,27,0,43159,957400,"D","06/27/2021 00:00:00",23,"F","In Water",202106
202106,27,0,43160,957400,"D","06/27/2021 00:00:00",26,"M","In Water",202106
202106,28,0,43158,957404,"D","06/28/2021 00:00:00",45,"M","In Water",202106
202106,21,0,43178,959420,"D","06/21/2021 00:00:00",14,"F","In Water",202106
202106,17,0,43194,961453,"D","06/17/2021 00:00:00",51,"M","Outside/Open Areas",202106
202102,1,0,42841,931716,"D","02/01/2021 00:00:00",,"M","Outside/Open Areas",202102
202102,3,0,42336,932197,"D","02/03/2021 00:00:00",35,"M","Outside/Open Areas",202102
202102,1,0,42339,932267,"D","02/01/2021 00:00:00",67,"F","Outside/Open Areas",202102
202102,4,0,42382,932773,"D","02/04/2021 00:00:00",35,"M","Vehicle/Towed Trailer",202102
202102,16,0,42399,935201,"D","02/16/2021 00:00:00",,"","Outside/Open Areas",202102
202102,14,0,42400,935211,"D","02/14/2021 00:00:00",58,"M","Outside/Open Areas",202102
202102,14,0,42401,935213,"D","02/14/2021 00:00:00",57,"M","Outside/Open Areas",202102
202102,13,0,42428,935844,"I","02/13/2021 00:00:00",,"M","Other",202102
202102,10,0,42641,936119,"I","02/10/2021 00:00:00",18,"M","Vehicle/Towed Trailer",202102
202102,15,0,42524,936247,"I","02/15/2021 00:00:00",77,"M","Vehicle/Towed Trailer",202102
202102,18,0,42429,936331,"I","02/18/2021 00:00:00",26,"F","In Water",202102
202102,27,0,42430,936389,"I","02/27/2021 00:00:00",27,"M","In Water",202102
202102,27,0,42431,936389,"I","02/27/2021 00:00:00",,"M","In Water",202102
202102,7,0,42523,937870,"I","02/07/2021 00:00:00",59,"M","Outside/Open Areas",202102
202102,6,0,42620,940166,"D","02/06/2021 00:00:00",29,"F","Outside/Open Areas",202102
202102,6,0,42621,940166,"D","02/06/2021 00:00:00",26,"M","Outside/Open Areas",202102
202102,6,0,42622,940166,"D","02/06/2021 00:00:00",26,"F","Outside/Open Areas",202102
202102,6,0,42623,940166,"D","02/06/2021 00:00:00",23,"M","Outside/Open Areas",202102
202102,17,0,42512,940634,"D","02/17/2021 00:00:00",56,"M","Outside/Open Areas",202102
202102,18,0,42513,940635,"D","02/18/2021 00:00:00",31,"M","Outside/Open Areas",202102
202102,22,0,42514,940636,"D","02/22/2021 00:00:00",33,"M","Outside/Open Areas",202102
202102,1,0,42565,941934,"D","02/01/2021 00:00:00",52,"M","Outside/Open Areas",202102
202102,1,0,42566,941934,"D","02/01/2021 00:00:00",40,"M","Outside/Open Areas",202102
202102,1,0,42567,941934,"D","02/01/2021 00:00:00",49,"M","Outside/Open Areas",202102
202102,4,0,42568,941935,"D","02/04/2021 00:00:00",41,"M","Outside/Open Areas",202102
202102,14,0,42832,943284,"I","02/14/2021 00:00:00",77,"M","In Water",202102
202102,17,0,42833,943288,"I","02/17/2021 00:00:00",68,"M","Permanent Home",202102
202102,17,0,42834,943288,"I","02/17/2021 00:00:00",44,"F","Permanent Home",202102
202102,15,0,42835,943295,"D","02/15/2021 00:00:00",74,"F","Outside/Open Areas",202102
202102,15,0,42836,943295,"I","02/15/2021 00:00:00",50,"M","Outside/Open Areas",202102
202102,21,0,42826,943342,"D","02/21/2021 00:00:00",65,"M","Mobile/Trailer Home",202102
202102,18,0,42843,943528,"D","02/18/2021 00:00:00",,"F","Permanent Home",202102
202102,17,0,42844,943528,"D","02/17/2021 00:00:00",,"F","Permanent Home",202102
202102,7,0,42664,943629,"D","02/07/2021 00:00:00",64,"M","Permanent Home",202102
202102,12,0,42659,944360,"I","02/12/2021 00:00:00",35,"F","Outside/Open Areas",202102
202102,8,0,42661,944446,"I","02/08/2021 00:00:00",51,"F","Vehicle/Towed Trailer",202102
202102,8,0,42662,944448,"D","02/08/2021 00:00:00",42,"F","Vehicle/Towed Trailer",202102
202102,3,0,42668,944908,"I","02/03/2021 00:00:00",65,"M","In Water",202102
202102,20,0,42715,945462,"I","02/20/2021 00:00:00",48,"M","Outside/Open Areas",202102
202102,19,0,42716,945463,"I","02/19/2021 00:00:00",30,"M","Unknown",202102
202102,23,0,42720,945484,"D","02/23/2021 00:00:00",,"F","Outside/Open Areas",202102
202102,23,0,42719,945485,"D","02/23/2021 00:00:00",,"F","Outside/Open Areas",202102
202102,14,0,42654,944215,"I","02/14/2021 00:00:00",10,"M","In Water",202102
202102,20,0,42655,944215,"D","02/20/2021 00:00:00",,"M","Outside/Open Areas",202102
202102,13,0,42656,944215,"D","02/13/2021 00:00:00",66,"F","Permanent Home",202102
202102,21,0,42647,944327,"I","02/21/2021 00:00:00",7,"F","In Water",202102
202106,14,0,44478,970299,"D","06/14/2021 00:00:00",23,"M","Outside/Open Areas",202106
202106,13,0,44482,970319,"D","06/13/2021 00:00:00",32,"F","Outside/Open Areas",202106
202106,13,0,44483,970319,"D","06/13/2021 00:00:00",42,"M","Outside/Open Areas",202106
202106,13,0,44484,970319,"D","06/13/2021 00:00:00",29,"M","Outside/Open Areas",202106
202106,15,0,44485,970319,"D","06/15/2021 00:00:00",34,"F","Outside/Open Areas",202106
202106,17,0,44486,970319,"D","06/17/2021 00:00:00",36,"M","Outside/Open Areas",202106
202106,17,0,44487,970319,"D","06/17/2021 00:00:00",28,"M","Outside/Open Areas",202106
202106,20,0,44488,970319,"D","06/20/2021 00:00:00",19,"M","Outside/Open Areas",202106
202106,20,0,44489,970319,"D","06/20/2021 00:00:00",42,"M","Outside/Open Areas",202106
202106,15,0,44490,970319,"D","06/15/2021 00:00:00",35,"M","Outside/Open Areas",202106
202106,17,0,44491,970319,"D","06/17/2021 00:00:00",36,"M","Outside/Open Areas",202106
202106,19,0,44492,970319,"D","06/19/2021 00:00:00",54,"M","Outside/Open Areas",202106
202106,13,0,44479,970320,"D","06/13/2021 00:00:00",35,"F","Outside/Open Areas",202106
202106,12,0,44480,970320,"D","06/12/2021 00:00:00",22,"M","Outside/Open Areas",202106
202106,15,0,44481,970320,"D","06/15/2021 00:00:00",37,"M","Outside/Open Areas",202106
202106,2,0,46179,970487,"D","06/02/2021 00:00:00",20,"M","Outside/Open Areas",202106
202106,2,0,46180,970487,"D","06/02/2021 00:00:00",25,"M","Outside/Open Areas",202106
202106,7,0,43770,970488,"D","06/07/2021 00:00:00",40,"M","Outside/Open Areas",202106
202106,6,0,43771,970490,"D","06/06/2021 00:00:00",47,"M","Outside/Open Areas",202106
202106,7,0,43772,970491,"D","06/07/2021 00:00:00",45,"M","Outside/Open Areas",202106
202106,10,0,44477,970495,"D","06/10/2021 00:00:00",31,"M","Outside/Open Areas",202106
202106,27,0,44493,970506,"D","06/27/2021 00:00:00",29,"F","Outside/Open Areas",202106
202106,27,0,44494,970506,"D","06/27/2021 00:00:00",27,"M","Outside/Open Areas",202106
202106,27,0,44495,970506,"D","06/27/2021 00:00:00",42,"M","Outside/Open Areas",202106
202106,20,0,43793,970980,"D","06/20/2021 00:00:00",71,"M","Outside/Open Areas",202106
202109,1,0,45401,987245,"D","09/01/2021 00:00:00",70,"M","Vehicle/Towed Trailer",202109
202109,1,0,45396,987260,"D","09/01/2021 00:00:00",72,"F","Permanent Home",202109
202109,1,0,45397,987260,"D","09/01/2021 00:00:00",38,"M","Permanent Home",202109
202109,1,0,45398,987260,"D","09/01/2021 00:00:00",33,"F","Permanent Home",202109
202109,1,0,45399,987260,"D","09/01/2021 00:00:00",74,"M","Permanent Home",202109
202109,1,0,44652,987277,"D","09/01/2021 00:00:00",83,"M","Vehicle/Towed Trailer",202109
202109,1,0,44659,987560,"D","09/01/2021 00:00:00",43,"F","Permanent Home",202109
202109,1,0,44660,987560,"D","09/01/2021 00:00:00",22,"M","Permanent Home",202109
202109,1,0,44661,987561,"D","09/01/2021 00:00:00",48,"F","Permanent Home",202109
202109,1,0,44662,987564,"D","09/01/2021 00:00:00",2,"M","Permanent Home",202109
202109,1,0,44663,987564,"D","09/01/2021 00:00:00",50,"M","Permanent Home",202109
202109,1,0,44664,987564,"D","09/01/2021 00:00:00",48,"F","Permanent Home",202109
202109,1,0,44665,987565,"D","09/01/2021 00:00:00",86,"F","Permanent Home",202109
202109,1,0,44666,987566,"D","09/01/2021 00:00:00",66,"M","Permanent Home",202109
202109,1,0,44667,987588,"D","09/01/2021 00:00:00",,"F","Permanent Home",202109
202109,1,0,44668,987588,"D","09/01/2021 00:00:00",,"F","Permanent Home",202109
202109,1,0,44669,987588,"D","09/01/2021 00:00:00",,"M","Permanent Home",202109
202109,1,0,44670,987589,"D","09/01/2021 00:00:00",33,"M","Vehicle/Towed Trailer",202109
202109,1,0,44671,987590,"D","09/01/2021 00:00:00",69,"M","Vehicle/Towed Trailer",202109
202109,1,0,45388,987591,"D","09/01/2021 00:00:00",78,"M","Vehicle/Towed Trailer",202109
202109,1,0,45389,987591,"D","09/01/2021 00:00:00",76,"F","Vehicle/Towed Trailer",202109
202109,1,0,46196,987592,"D","09/01/2021 00:00:00",,"M","Outside/Open Areas",202109
202109,1,0,45387,994610,"I","09/01/2021 00:00:00",,"M","In Water",202109
202109,1,0,45386,994611,"I","09/01/2021 00:00:00",,"","Vehicle/Towed Trailer",202109
202109,1,0,45390,994612,"D","09/01/2021 00:00:00",55,"M","In Water",202109
202109,1,0,45391,994613,"D","09/01/2021 00:00:00",66,"M","Permanent Home",202109
202109,1,0,45392,994613,"D","09/01/2021 00:00:00",46,"F","Permanent Home",202109
202109,1,0,45393,994614,"D","09/01/2021 00:00:00",21,"M","Vehicle/Towed Trailer",202109
202109,1,0,45394,994615,"D","09/01/2021 00:00:00",18,"F","Vehicle/Towed Trailer",202109
202109,1,0,45395,994616,"I","09/01/2021 00:00:00",,"","Unknown",202109
202109,1,0,45400,994617,"D","09/01/2021 00:00:00",,"","Vehicle/Towed Trailer",202109
202112,10,0,45649,996712,"D","12/10/2021 00:00:00",28,"M","Long Span Roof",202112
202112,10,0,45650,996712,"D","12/10/2021 00:00:00",62,"M","Long Span Roof",202112
202112,10,0,45651,996712,"D","12/10/2021 00:00:00",29,"M","Long Span Roof",202112
202112,10,0,45652,996712,"D","12/10/2021 00:00:00",34,"F","Long Span Roof",202112
202112,10,0,45653,996712,"D","12/10/2021 00:00:00",46,"M","Long Span Roof",202112
202112,10,0,45654,996712,"D","12/10/2021 00:00:00",26,"M","Long Span Roof",202112
202112,10,0,45855,996971,"D","12/10/2021 00:00:00",84,"F","Permanent Home",202112
202106,12,0,43264,965517,"D","06/12/2021 00:00:00",15,"F","In Water",202106
202106,19,0,43339,966943,"D","06/19/2021 00:00:00",55,"M","Outside/Open Areas",202106
202106,19,0,43316,966945,"D","06/19/2021 00:00:00",68,"M","Outside/Open Areas",202106
202106,16,0,43317,966946,"D","06/16/2021 00:00:00",,"F","Outside/Open Areas",202106
202106,19,0,43426,967100,"D","06/19/2021 00:00:00",79,"M","Mobile/Trailer Home",202106
202106,8,0,43323,967605,"D","06/08/2021 00:00:00",47,"M","In Water",202106
202106,28,0,43324,967792,"D","06/28/2021 00:00:00",,"M","Vehicle/Towed Trailer",202106
202106,30,0,43327,967948,"D","06/30/2021 00:00:00",19,"M","In Water",202106
202106,30,0,43328,967948,"D","06/30/2021 00:00:00",47,"M","In Water",202106
202106,19,0,43342,968846,"D","06/19/2021 00:00:00",62,"M","In Water",202106
202106,28,0,43364,968961,"D","06/28/2021 00:00:00",39,"F","Outside/Open Areas",202106
202106,30,0,43366,969321,"D","06/30/2021 00:00:00",,"F","Vehicle/Towed Trailer",202106
202106,29,0,43367,969741,"D","06/29/2021 00:00:00",,"M","Vehicle/Towed Trailer",202106
202106,6,0,43737,970236,"D","06/06/2021 00:00:00",49,"F","Vehicle/Towed Trailer",202106
202106,19,0,43757,970467,"D","06/19/2021 00:00:00",24,"M","Mobile/Trailer Home",202106
202106,19,0,43758,970467,"D","06/19/2021 00:00:00",3,"M","Mobile/Trailer Home",202106
202102,15,0,42738,945800,"I","02/15/2021 00:00:00",,"","Unknown",202102
202102,15,0,42739,945800,"I","02/15/2021 00:00:00",,"","Unknown",202102
202102,14,0,42737,945830,"I","02/14/2021 00:00:00",67,"M","Unknown",202102
202102,16,0,42838,945840,"D","02/16/2021 00:00:00",,"M","Outside/Open Areas",202102
202109,7,0,44620,986807,"D","09/07/2021 00:00:00",16,"M","Outside/Open Areas",202109
202109,7,0,44621,986807,"D","09/07/2021 00:00:00",18,"M","Outside/Open Areas",202109
202109,11,0,44627,986808,"D","09/11/2021 00:00:00",25,"F","Outside/Open Areas",202109
202109,14,0,44624,986810,"D","09/14/2021 00:00:00",34,"M","Outside/Open Areas",202109
202109,12,0,45228,986811,"D","09/12/2021 00:00:00",32,"M","Outside/Open Areas",202109
202109,12,0,45229,986813,"D","09/12/2021 00:00:00",38,"F","Outside/Open Areas",202109
202109,13,0,45230,986813,"D","09/13/2021 00:00:00",19,"F","Outside/Open Areas",202109
202109,13,0,45231,986813,"D","09/13/2021 00:00:00",22,"M","Outside/Open Areas",202109
202102,16,0,42846,946738,"D","02/16/2021 00:00:00",44,"M","Mobile/Trailer Home",202102
202109,1,0,44111,971781,"D","09/01/2021 00:00:00",14,"M","In Water",202109
202109,4,0,44638,971782,"D","09/04/2021 00:00:00",58,"M","In Water",202109
202109,8,0,44125,973218,"D","09/08/2021 00:00:00",69,"M","In Water",202109
202109,18,0,44143,974473,"D","09/18/2021 00:00:00",9,"M","In Water",202109
202109,18,0,44144,974473,"D","09/18/2021 00:00:00",28,"M","In Water",202109
202109,23,0,44209,975486,"D","09/23/2021 00:00:00",58,"M","In Water",202109
202109,7,0,44223,975717,"D","09/07/2021 00:00:00",19,"M","Permanent Home",202109
202109,25,0,44225,975899,"D","09/25/2021 00:00:00",10,"M","In Water",202109
202109,7,0,44392,976071,"D","09/07/2021 00:00:00",,"F","In Water",202109
202109,26,0,44259,976609,"I","09/26/2021 00:00:00",5,"F","Boating",202109
202109,26,0,44260,976609,"I","09/26/2021 00:00:00",,"F","Boating",202109
202109,28,0,44261,976641,"I","09/28/2021 00:00:00",,"M","Other",202109
202109,17,0,44278,977865,"D","09/17/2021 00:00:00",4,"F","Camping",202109
202109,14,0,44313,979154,"D","09/14/2021 00:00:00",30,"M","In Water",202109
202109,12,0,44312,979157,"D","09/12/2021 00:00:00",26,"M","In Water",202109
202109,20,0,44314,979174,"D","09/20/2021 00:00:00",17,"M","In Water",202109
202109,11,0,44390,981348,"D","09/11/2021 00:00:00",24,"M","In Water",202109
202109,26,0,44391,981437,"D","09/26/2021 00:00:00",24,"M","In Water",202109
202109,11,0,44422,981786,"D","09/11/2021 00:00:00",14,"F","In Water",202109
202109,14,0,44528,984528,"D","09/14/2021 00:00:00",64,"M","Vehicle/Towed Trailer",202109
202109,18,0,44616,984795,"D","09/18/2021 00:00:00",40,"M","Vehicle/Towed Trailer",202109
202109,1,0,44530,984957,"D","09/01/2021 00:00:00",68,"M","Outside/Open Areas",202109
202109,6,0,44540,984971,"D","09/06/2021 00:00:00",61,"M","Unknown",202109
202109,9,0,44537,984971,"D","09/09/2021 00:00:00",76,"M","Camping",202109
202109,9,0,44538,984971,"D","09/09/2021 00:00:00",57,"M","Outside/Open Areas",202109
202109,8,0,44541,984971,"D","09/08/2021 00:00:00",43,"M","Outside/Open Areas",202109
202109,8,0,44542,984971,"I","09/08/2021 00:00:00",52,"M","Outside/Open Areas",202109
202109,10,0,44539,984971,"I","09/10/2021 00:00:00",67,"M","Permanent Home",202109
202109,8,0,44543,984971,"D","09/08/2021 00:00:00",79,"M","Permanent Structure",202109
202109,12,0,44544,984985,"D","09/12/2021 00:00:00",99,"F","Permanent Home",202109
202109,22,0,44545,984986,"D","09/22/2021 00:00:00",77,"F","Outside/Open Areas",202109
202109,12,0,44554,985816,"D","09/12/2021 00:00:00",57,"F","Outside/Open Areas",202109
202109,8,0,44557,986017,"D","09/08/2021 00:00:00",,"","Unknown",202109
202109,15,0,44558,986019,"D","09/15/2021 00:00:00",,"","Unknown",202109
202109,1,0,44615,986683,"D","09/01/2021 00:00:00",19,"M","Permanent Home",202109
202109,18,0,44617,986737,"D","09/18/2021 00:00:00",21,"M","In Water",202109
202109,11,0,44618,986760,"D","09/11/2021 00:00:00",23,"M","In Water",202109
202109,19,0,44639,987206,"D","09/19/2021 00:00:00",35,"M","Other",202109
202109,30,0,44655,987348,"I","09/30/2021 00:00:00",29,"F","Vehicle/Towed Trailer",202109
202109,30,0,44656,987348,"I","09/30/2021 00:00:00",48,"F","Vehicle/Towed Trailer",202109
202111,15,0,45251,993206,"D","11/15/2021 00:00:00",59,"M","Vehicle/Towed Trailer",202111
202111,28,0,45250,993339,"D","11/28/2021 00:00:00",74,"M","Vehicle/Towed Trailer",202111
202111,16,0,45379,994212,"D","11/16/2021 00:00:00",61,"F","Unknown",202111
202101,5,0,42120,929247,"I","01/05/2021 00:00:00",55,"M","Vehicle/Towed Trailer",202101
202101,1,0,42403,933421,"D","01/01/2021 00:00:00",50,"M","In Water",202101
202101,19,0,42394,934379,"D","01/19/2021 00:00:00",3,"F","Permanent Home",202101
202101,15,0,42476,936630,"D","01/15/2021 00:00:00",60,"F","Outside/Open Areas",202101
202101,20,0,42439,936688,"D","01/20/2021 00:00:00",57,"M","Outside/Open Areas",202101
202101,27,0,42440,936689,"I","01/27/2021 00:00:00",18,"F","Vehicle/Towed Trailer",202101
202101,29,0,42445,937230,"I","01/29/2021 00:00:00",67,"M","Outside/Open Areas",202101
202101,13,0,42482,937282,"D","01/13/2021 00:00:00",42,"F","Under Tree",202101
202101,13,0,42451,937288,"D","01/13/2021 00:00:00",59,"M","Vehicle/Towed Trailer",202101
202101,15,0,42460,937867,"D","01/15/2021 00:00:00",1,"F","Vehicle/Towed Trailer",202101
202101,16,0,42493,937967,"I","01/16/2021 00:00:00",53,"M","Vehicle/Towed Trailer",202101
202101,25,0,42580,938002,"D","01/25/2021 00:00:00",14,"M","Permanent Home",202101
202101,13,0,42492,938288,"D","01/13/2021 00:00:00",50,"F","Vehicle/Towed Trailer",202101
202101,29,0,42483,938895,"D","01/29/2021 00:00:00",,"","Other",202101
202101,15,0,42507,938920,"I","01/15/2021 00:00:00",57,"M","Vehicle/Towed Trailer",202101
202101,14,0,42508,938960,"I","01/14/2021 00:00:00",18,"M","Vehicle/Towed Trailer",202101
202101,25,0,42517,940805,"I","01/25/2021 00:00:00",12,"F","Vehicle/Towed Trailer",202101
202101,25,0,42518,940805,"I","01/25/2021 00:00:00",49,"F","Vehicle/Towed Trailer",202101
202104,8,0,42605,943057,"D","04/08/2021 00:00:00",21,"M","In Water",202104
202104,8,0,42606,943057,"D","04/08/2021 00:00:00",55,"M","In Water",202104
202104,11,0,42721,943564,"I","04/11/2021 00:00:00",17,"F","Other",202104
202104,10,0,42666,944863,"D","04/10/2021 00:00:00",42,"M","In Water",202104
202104,9,0,42847,946768,"D","04/09/2021 00:00:00",48,"M","Mobile/Trailer Home",202104
202104,21,0,42860,947692,"I","04/21/2021 00:00:00",79,"M","Vehicle/Towed Trailer",202104
202104,21,0,42876,949608,"I","04/21/2021 00:00:00",37,"F","Vehicle/Towed Trailer",202104
202104,6,0,42961,953597,"I","04/06/2021 00:00:00",85,"M","Outside/Open Areas",202104
202104,10,0,43028,954642,"D","04/10/2021 00:00:00",28,"M","Mobile/Trailer Home",202104
202104,16,0,43029,954775,"D","04/16/2021 00:00:00",48,"M","In Water",202104
202104,16,0,43030,954775,"D","04/16/2021 00:00:00",32,"F","In Water",202104
202104,25,0,43024,955351,"I","04/25/2021 00:00:00",26,"M","Unknown",202104
202104,4,0,43025,955368,"I","04/04/2021 00:00:00",23,"M","Vehicle/Towed Trailer",202104
202104,24,0,43038,956372,"D","04/24/2021 00:00:00",55,"M","In Water",202104
202104,18,0,43054,956863,"D","04/18/2021 00:00:00",40,"F","In Water",202104
202108,9,0,43269,965889,"D","08/09/2021 00:00:00",3,"M","Vehicle/Towed Trailer",202108
202108,13,0,43270,965893,"D","08/13/2021 00:00:00",21,"M","Boating",202108
202108,12,0,44460,966178,"I","08/12/2021 00:00:00",,"M","Unknown",202108
202108,11,0,43313,966612,"I","08/11/2021 00:00:00",,"M","Permanent Home",202108
202108,20,0,44123,967285,"D","08/20/2021 00:00:00",19,"M","In Water",202108
202108,22,0,43332,968095,"D","08/22/2021 00:00:00",40,"M","In Water",202108
202108,30,0,44277,971915,"D","08/30/2021 00:00:00",85,"F","Permanent Home",202108
202108,17,0,44121,971940,"D","08/17/2021 00:00:00",,"M","In Water",202108
202108,17,0,44122,971940,"D","08/17/2021 00:00:00",,"M","In Water",202108
202108,27,0,44124,971942,"D","08/27/2021 00:00:00",56,"M","In Water",202108
202108,5,0,44330,971943,"D","08/05/2021 00:00:00",,"M","Outside/Open Areas",202108
202108,18,0,44435,975606,"D","08/18/2021 00:00:00",20,"M","In Water",202108
202108,18,0,44436,975606,"D","08/18/2021 00:00:00",50,"M","In Water",202108
202108,27,0,44214,975612,"D","08/27/2021 00:00:00",,"M","In Water",202108
202108,3,0,44226,975937,"D","08/03/2021 00:00:00",53,"M","In Water",202108
202108,24,0,44227,975980,"D","08/24/2021 00:00:00",,"M","In Water",202108
202108,16,0,44309,978906,"D","08/16/2021 00:00:00",,"","Camping",202108
202105,10,0,42861,948503,"I","05/10/2021 00:00:00",80,"F","Permanent Home",202105
202105,19,0,42896,950578,"D","05/19/2021 00:00:00",50,"M","In Water",202105
202105,1,0,42955,952438,"D","05/01/2021 00:00:00",1,"M","Vehicle/Towed Trailer",202105
202105,1,0,42956,952438,"D","05/01/2021 00:00:00",38,"F","Vehicle/Towed Trailer",202105
202105,1,0,42957,952438,"D","05/01/2021 00:00:00",34,"F","Vehicle/Towed Trailer",202105
202105,23,0,42958,953079,"D","05/23/2021 00:00:00",,"M","In Water",202105
202105,24,0,42959,953085,"D","05/24/2021 00:00:00",37,"M","In Water",202105
202105,16,0,43026,955569,"D","05/16/2021 00:00:00",,"M","In Water",202105
202105,2,0,43050,956695,"D","05/02/2021 00:00:00",22,"M","In Water",202105
202105,16,0,43056,957328,"D","05/16/2021 00:00:00",58,"M","In Water",202105
202105,11,0,43058,957389,"D","05/11/2021 00:00:00",7,"M","In Water",202105
202105,1,0,43157,957432,"D","05/01/2021 00:00:00",20,"M","In Water",202105
202105,2,0,43179,956687,"D","05/02/2021 00:00:00",8,"M","In Water",202105
202105,17,0,43188,960716,"D","05/17/2021 00:00:00",61,"M","Vehicle/Towed Trailer",202105
202105,31,0,43191,961234,"D","05/31/2021 00:00:00",14,"M","In Water",202105
202105,17,0,43192,961426,"D","05/17/2021 00:00:00",46,"M","Vehicle/Towed Trailer",202105
202105,23,0,43196,961778,"D","05/23/2021 00:00:00",25,"M","In Water",202105
202105,9,0,43201,962402,"D","05/09/2021 00:00:00",4,"M","In Water",202105
202105,14,0,43204,962404,"D","05/14/2021 00:00:00",,"M","In Water",202105
202105,14,0,43205,962404,"D","05/14/2021 00:00:00",,"M","In Water",202105
202105,10,0,43209,962752,"D","05/10/2021 00:00:00",,"M","In Water",202105
202105,3,0,43210,962770,"D","05/03/2021 00:00:00",55,"F","Permanent Home",202105
202105,16,0,43222,963157,"D","05/16/2021 00:00:00",22,"M","In Water",202105
202105,15,0,43223,963156,"D","05/15/2021 00:00:00",17,"M","In Water",202105
202105,4,0,43227,959086,"D","05/04/2021 00:00:00",34,"M","Under Tree",202105
202105,23,0,43229,960751,"D","05/23/2021 00:00:00",,"M","In Water",202105
202105,6,0,43232,957686,"D","05/06/2021 00:00:00",49,"M","Other",202105
202108,4,0,44363,980590,"D","08/04/2021 00:00:00",17,"M","In Water",202108
202108,16,0,44364,980629,"I","08/16/2021 00:00:00",50,"M","Vehicle/Towed Trailer",202108
202108,25,0,44365,980904,"D","08/25/2021 00:00:00",62,"M","Outside/Open Areas",202108
202108,18,0,44385,981089,"D","08/18/2021 00:00:00",60,"M","Outside/Open Areas",202108
202108,20,0,44386,981089,"D","08/20/2021 00:00:00",52,"M","Outside/Open Areas",202108
202108,1,0,44472,981898,"D","08/01/2021 00:00:00",48,"M","Outside/Open Areas",202108
202108,30,0,44424,981948,"D","08/30/2021 00:00:00",49,"M","Vehicle/Towed Trailer",202108
202108,30,0,44425,981948,"D","08/30/2021 00:00:00",49,"M","Vehicle/Towed Trailer",202108
202109,11,0,44426,981948,"D","09/11/2021 00:00:00",39,"F","Vehicle/Towed Trailer",202108
202108,12,0,44475,983514,"D","08/12/2021 00:00:00",65,"F","Permanent Home",202108
202108,12,0,44476,983514,"D","08/12/2021 00:00:00",2,"F","Permanent Home",202108
202108,1,0,44508,983880,"D","08/01/2021 00:00:00",,"","Unknown",202108
202101,8,0,42504,937995,"D","01/08/2021 00:00:00",31,"M","Outside/Open Areas",202101
202101,23,0,42486,939286,"D","01/23/2021 00:00:00",28,"M","Outside/Open Areas",202101
202103,1,0,42528,941126,"D","03/01/2021 00:00:00",65,"M","Outside/Open Areas",202103
202103,25,0,42534,941340,"I","03/25/2021 00:00:00",56,"M","Outside/Open Areas",202103
202102,17,0,42635,943199,"I","02/17/2021 00:00:00",,"M","Long Span Roof",202102
202102,15,0,42909,943624,"I","02/15/2021 00:00:00",,"","Unknown",202102
202102,15,0,42908,943790,"I","02/15/2021 00:00:00",,"","Unknown",202102
202102,15,0,42904,943791,"D","02/15/2021 00:00:00",,"","Unknown",202102
202102,15,0,42905,943791,"I","02/15/2021 00:00:00",,"","Unknown",202102
202102,15,0,42906,943791,"I","02/15/2021 00:00:00",,"","Unknown",202102
202102,15,0,42907,943791,"I","02/15/2021 00:00:00",,"","Unknown",202102
202102,15,0,42923,943793,"I","02/15/2021 00:00:00",,"","Unknown",202102
202102,15,0,42921,943797,"I","02/15/2021 00:00:00",,"","Unknown",202102
202102,15,0,42919,943800,"I","02/15/2021 00:00:00",,"","Unknown",202102
202102,15,0,42920,943800,"I","02/15/2021 00:00:00",,"","Unknown",202102
202102,15,0,42911,943819,"D","02/15/2021 00:00:00",,"","Unknown",202102
202102,15,0,42931,943821,"I","02/15/2021 00:00:00",,"","Unknown",202102
202102,15,0,42932,943821,"I","02/15/2021 00:00:00",,"","Unknown",202102
202102,15,0,42933,943821,"I","02/15/2021 00:00:00",,"","Unknown",202102
202102,15,0,42934,943821,"I","02/15/2021 00:00:00",,"","Permanent Home",202102
202102,15,0,42935,943821,"I","02/15/2021 00:00:00",,"","Permanent Home",202102
202102,15,0,42936,943821,"I","02/15/2021 00:00:00",,"","Permanent Home",202102
202102,15,0,43053,944573,"D","02/15/2021 00:00:00",,"","Unknown",202102
202102,15,0,42821,945961,"D","02/15/2021 00:00:00",,"","Unknown",202102
202102,16,0,43143,945966,"I","02/16/2021 00:00:00",11,"M","Permanent Home",202102
202102,16,0,43144,945966,"D","02/16/2021 00:00:00",58,"M","Permanent Home",202102
202102,20,0,43145,945966,"D","02/20/2021 00:00:00",77,"F","Permanent Home",202102
202102,15,0,43152,945983,"D","02/15/2021 00:00:00",61,"M","Unknown",202102
202102,16,0,43154,945983,"D","02/16/2021 00:00:00",77,"F","Unknown",202102
202102,21,0,43155,945983,"D","02/21/2021 00:00:00",68,"F","Unknown",202102
202102,16,0,43166,945985,"D","02/16/2021 00:00:00",74,"M","Unknown",202102
202102,16,0,43167,945985,"D","02/16/2021 00:00:00",88,"F","Unknown",202102
202102,16,0,43168,945985,"D","02/16/2021 00:00:00",50,"M","Unknown",202102
202102,16,0,43169,945985,"D","02/16/2021 00:00:00",89,"F","Unknown",202102
202102,19,0,43170,945985,"I","02/19/2021 00:00:00",72,"M","Unknown",202102
202102,22,0,43171,945985,"D","02/22/2021 00:00:00",51,"M","Unknown",202102
202102,17,0,43129,945986,"D","02/17/2021 00:00:00",76,"M","Mobile/Trailer Home",202102
202102,12,0,43105,945986,"D","02/12/2021 00:00:00",55,"M","Outside/Open Areas",202102
202102,15,0,43111,945986,"D","02/15/2021 00:00:00",60,"M","Outside/Open Areas",202102
202102,18,0,43130,945986,"D","02/18/2021 00:00:00",56,"M","Outside/Open Areas",202102
202102,18,0,43131,945986,"D","02/18/2021 00:00:00",77,"F","Outside/Open Areas",202102
202102,19,0,43132,945986,"D","02/19/2021 00:00:00",61,"M","Outside/Open Areas",202102
202102,17,0,43139,945986,"I","02/17/2021 00:00:00",86,"M","Outside/Open Areas",202102
202102,17,0,43100,945986,"D","02/17/2021 00:00:00",86,"F","Permanent Home",202102
202102,18,0,43101,945986,"D","02/18/2021 00:00:00",79,"F","Permanent Home",202102
202102,18,0,43102,945986,"D","02/18/2021 00:00:00",100,"F","Permanent Home",202102
202102,18,0,43103,945986,"D","02/18/2021 00:00:00",48,"M","Permanent Home",202102
202102,18,0,43104,945986,"D","02/18/2021 00:00:00",43,"F","Permanent Home",202102
202102,13,0,43106,945986,"D","02/13/2021 00:00:00",52,"M","Permanent Home",202102
202102,14,0,43107,945986,"D","02/14/2021 00:00:00",56,"M","Permanent Home",202102
202102,14,0,43108,945986,"D","02/14/2021 00:00:00",72,"M","Permanent Home",202102
202102,15,0,43109,945986,"D","02/15/2021 00:00:00",47,"F","Permanent Home",202102
202102,15,0,43113,945986,"I","02/15/2021 00:00:00",46,"F","Permanent Home",202102
202102,15,0,43114,945986,"I","02/15/2021 00:00:00",7,"F","Permanent Home",202102
202102,16,0,43115,945986,"D","02/16/2021 00:00:00",84,"F","Permanent Home",202102
202102,16,0,43116,945986,"D","02/16/2021 00:00:00",64,"F","Permanent Home",202102
202102,16,0,43117,945986,"D","02/16/2021 00:00:00",75,"M","Permanent Home",202102
202102,16,0,43118,945986,"D","02/16/2021 00:00:00",61,"M","Permanent Home",202102
202102,16,0,43119,945986,"D","02/16/2021 00:00:00",69,"F","Permanent Home",202102
202102,16,0,43120,945986,"D","02/16/2021 00:00:00",60,"M","Permanent Home",202102
202102,16,0,43121,945986,"D","02/16/2021 00:00:00",81,"M","Permanent Home",202102
202102,16,0,43122,945986,"D","02/16/2021 00:00:00",88,"F","Permanent Home",202102
202102,17,0,43124,945986,"I","02/17/2021 00:00:00",8,"F","Permanent Home",202102
202102,17,0,43127,945986,"D","02/17/2021 00:00:00",71,"M","Permanent Home",202102
202102,17,0,43128,945986,"D","02/17/2021 00:00:00",97,"F","Permanent Home",202102
202102,19,0,43133,945986,"D","02/19/2021 00:00:00",72,"M","Permanent Home",202102
202102,19,0,43134,945986,"D","02/19/2021 00:00:00",86,"M","Permanent Home",202102
202102,20,0,43135,945986,"D","02/20/2021 00:00:00",87,"F","Permanent Home",202102
202102,22,0,43136,945986,"D","02/22/2021 00:00:00",64,"M","Permanent Home",202102
202102,16,0,43137,945986,"I","02/16/2021 00:00:00",23,"M","Permanent Home",202102
202102,16,0,43138,945986,"I","02/16/2021 00:00:00",65,"M","Permanent Home",202102
202102,17,0,43126,945986,"D","02/17/2021 00:00:00",47,"M","Vehicle/Towed Trailer",202102
202102,16,0,42822,945993,"D","02/16/2021 00:00:00",,"","Unknown",202102
202102,16,0,42823,945993,"D","02/16/2021 00:00:00",,"","Unknown",202102
202102,16,0,42824,945993,"D","02/16/2021 00:00:00",,"","Unknown",202102
202102,15,0,42825,946006,"D","02/15/2021 00:00:00",,"","Unknown",202102
202103,4,0,42581,936658,"D","03/04/2021 00:00:00",32,"M","In Water",202103
202103,14,0,42894,938148,"D","03/14/2021 00:00:00",,"","Church",202103
202103,14,0,42503,940257,"D","03/14/2021 00:00:00",,"M","Under Tree",202103
202103,29,0,42510,940481,"D","03/29/2021 00:00:00",31,"F","Vehicle/Towed Trailer",202103
202103,27,0,42895,940484,"D","03/27/2021 00:00:00",40,"M","Outside/Open Areas",202103
202103,28,0,42570,941485,"D","03/28/2021 00:00:00",21,"M","Boating",202103
202103,28,0,42571,941485,"D","03/28/2021 00:00:00",21,"M","Boating",202103
202103,27,0,42901,941492,"D","03/27/2021 00:00:00",46,"F","Mobile/Trailer Home",202103
202103,31,0,42559,941526,"D","03/31/2021 00:00:00",42,"M","In Water",202103
202103,31,0,42560,941526,"D","03/31/2021 00:00:00",49,"M","In Water",202103
202103,26,0,42561,941611,"D","03/26/2021 00:00:00",1,"M","Under Tree",202103
202103,22,0,42569,941936,"D","03/22/2021 00:00:00",37,"M","Outside/Open Areas",202103
202103,15,0,42607,942229,"I","03/15/2021 00:00:00",35,"M","Outside/Open Areas",202103
202103,16,0,42602,943055,"D","03/16/2021 00:00:00",54,"M","In Water",202103
202103,28,0,42604,943056,"D","03/28/2021 00:00:00",42,"M","In Water",202103
202103,10,0,42735,945162,"I","03/10/2021 00:00:00",57,"M","Other",202103
202103,10,0,42900,950931,"I","03/10/2021 00:00:00",30,"F","Vehicle/Towed Trailer",202103
202103,28,0,42940,951940,"D","03/28/2021 00:00:00",65,"M","Vehicle/Towed Trailer",202103
202103,27,0,42946,951956,"D","03/27/2021 00:00:00",64,"M","Outside/Open Areas",202103
202103,27,0,42947,951956,"D","03/27/2021 00:00:00",46,"F","Outside/Open Areas",202103
202103,27,0,42948,951956,"D","03/27/2021 00:00:00",,"M","Outside/Open Areas",202103
202103,27,0,42949,951956,"D","03/27/2021 00:00:00",70,"M","Vehicle/Towed Trailer",202103
202103,27,0,42950,951956,"D","03/27/2021 00:00:00",65,"M","Outside/Open Areas",202103
202104,20,0,42951,952206,"I","04/20/2021 00:00:00",32,"M","Vehicle/Towed Trailer",202104
202103,27,0,43165,951891,"D","03/27/2021 00:00:00",46,"F","Outside/Open Areas",202103
202102,15,0,42929,951836,"I","02/15/2021 00:00:00",,"","Unknown",202102
202102,15,0,42930,951836,"D","02/15/2021 00:00:00",70,"M","Permanent Home",202102
202102,7,0,42999,954745,"D","02/07/2021 00:00:00",,"M","In Water",202102
202102,7,0,43004,954747,"D","02/07/2021 00:00:00",56,"M","In Water",202102
202101,24,0,43002,954748,"D","01/24/2021 00:00:00",54,"M","In Water",202101
202102,28,0,43003,954749,"D","02/28/2021 00:00:00",,"M","Unknown",202102
202103,2,0,43005,954750,"D","03/02/2021 00:00:00",58,"F","In Water",202103
202103,3,0,43006,954751,"D","03/03/2021 00:00:00",42,"M","In Water",202103
202103,3,0,43007,954752,"D","03/03/2021 00:00:00",41,"M","In Water",202103
202103,28,0,43012,954753,"D","03/28/2021 00:00:00",65,"M","In Water",202103
202103,31,0,43010,954755,"D","03/31/2021 00:00:00",48,"F","In Water",202103
202103,28,0,43011,954756,"D","03/28/2021 00:00:00",,"M","In Water",202103
202102,3,0,43156,957428,"D","02/03/2021 00:00:00",96,"F","Vehicle/Towed Trailer",202102
202101,31,0,42506,937996,"D","01/31/2021 00:00:00",57,"M","Outside/Open Areas",202101
202102,15,0,42928,943810,"D","02/15/2021 00:00:00",91,"F","Mobile/Trailer Home",202102
202102,22,0,43153,945983,"D","02/22/2021 00:00:00",51,"M","Unknown",202102
202102,15,0,43110,945986,"D","02/15/2021 00:00:00",51,"M","Outside/Open Areas",202102
202102,15,0,43112,945986,"D","02/15/2021 00:00:00",62,"M","Permanent Home",202102
202102,17,0,43125,945986,"I","02/17/2021 00:00:00",49,"M","Permanent Home",202102
202102,17,0,43123,945986,"D","02/17/2021 00:00:00",87,"F","Permanent Home",202102
202102,16,0,42740,945984,"D","02/16/2021 00:00:00",,"","Unknown",202102
202102,15,0,42489,937844,"D","02/15/2021 00:00:00",66,"M","Outside/Open Areas",202102
202102,15,0,42839,938856,"D","02/15/2021 00:00:00",,"M","Outside/Open Areas",202102
202102,17,0,43236,939586,"D","02/17/2021 00:00:00",,"","Vehicle/Towed Trailer",202102
202102,6,0,43330,944502,"D","02/06/2021 00:00:00",,"","Unknown",202102
202102,15,0,43331,944502,"D","02/15/2021 00:00:00",,"","Unknown",202102
202102,6,0,42728,945339,"D","02/06/2021 00:00:00",67,"F","Outside/Open Areas",202102
202112,11,0,44790,988478,"I","12/11/2021 00:00:00",66,"M","Vehicle/Towed Trailer",202112
202112,11,0,44787,989353,"D","12/11/2021 00:00:00",63,"F","In Water",202112
202105,6,0,43763,963050,"D","05/06/2021 00:00:00",36,"F","Outside/Open Areas",202105
202105,13,0,43764,963053,"D","05/13/2021 00:00:00",36,"M","Outside/Open Areas",202105
202112,15,0,45642,989666,"I","12/15/2021 00:00:00",58,"M","Vehicle/Towed Trailer",202112
202112,25,0,44804,990219,"I","12/25/2021 00:00:00",2,"M","Vehicle/Towed Trailer",202112
202112,18,0,44816,990512,"D","12/18/2021 00:00:00",55,"F","Vehicle/Towed Trailer",202112
202112,15,0,45816,992210,"D","12/15/2021 00:00:00",36,"M","Outside/Open Areas",202112
202112,27,0,45212,993131,"I","12/27/2021 00:00:00",,"","Vehicle/Towed Trailer",202112
202112,26,0,45211,993132,"I","12/26/2021 00:00:00",,"","Vehicle/Towed Trailer",202112
202112,27,0,45210,993144,"I","12/27/2021 00:00:00",,"","Outside/Open Areas",202112
202112,15,0,45227,993812,"D","12/15/2021 00:00:00",,"","Vehicle/Towed Trailer",202112
202112,15,0,45865,994281,"I","12/15/2021 00:00:00",95,"M","Vehicle/Towed Trailer",202112
202112,15,0,45419,995013,"D","12/15/2021 00:00:00",,"M","Under Tree",202112
202112,20,0,45582,996337,"I","12/20/2021 00:00:00",75,"M","Outside/Open Areas",202112
202112,11,0,45655,996845,"D","12/11/2021 00:00:00",62,"M","Vehicle/Towed Trailer",202112
202112,10,0,45812,994196,"D","12/10/2021 00:00:00",66,"F","Mobile/Trailer Home",202112
202112,10,0,49736,995999,"D","12/10/2021 00:00:00",70,"M","Permanent Home",202112
202112,10,0,45780,996014,"D","12/10/2021 00:00:00",72,"F","Mobile/Trailer Home",202112
202112,10,0,45814,994196,"D","12/10/2021 00:00:00",0,"","Unknown",202112
202112,10,0,49748,995999,"D","12/10/2021 00:00:00",67,"M","Unknown",202112
202112,10,0,45731,994038,"D","12/10/2021 00:00:00",57,"M","Mobile/Trailer Home",202112
202108,30,0,44264,976772,"D","08/30/2021 00:00:00",19,"M","Outside/Open Areas",202108
202109,4,0,44276,977355,"D","09/04/2021 00:00:00",,"F","Unknown",202107
202112,10,0,45809,994196,"D","12/10/2021 00:00:00",4,"M","Mobile/Trailer Home",202112
202112,10,0,45810,994196,"D","12/10/2021 00:00:00",60,"F","Mobile/Trailer Home",202112
202112,10,0,45811,994196,"D","12/10/2021 00:00:00",44,"M","Mobile/Trailer Home",202112
202112,10,0,45801,994196,"D","12/10/2021 00:00:00",3,"M","Permanent Home",202112
202112,10,0,45802,994196,"D","12/10/2021 00:00:00",87,"M","Permanent Home",202112
202112,10,0,45803,994196,"D","12/10/2021 00:00:00",77,"F","Permanent Home",202112
202112,10,0,45756,994199,"I","12/10/2021 00:00:00",83,"F","Outside/Open Areas",202112
202112,10,0,45755,994199,"D","12/10/2021 00:00:00",78,"F","Permanent Home",202112
202112,12,0,45757,994954,"D","12/12/2021 00:00:00",98,"F","Permanent Home",202112
202112,10,0,45759,995882,"D","12/10/2021 00:00:00",72,"F","Mobile/Trailer Home",202112
202112,10,0,45760,995882,"D","12/10/2021 00:00:00",69,"M","Mobile/Trailer Home",202112
202112,10,0,45758,995882,"D","12/10/2021 00:00:00",73,"M","Permanent Home",202112
202112,10,0,45761,995882,"D","12/10/2021 00:00:00",67,"M","Permanent Home",202112
202112,10,0,49743,995999,"D","12/10/2021 00:00:00",67,"F","Unknown",202112
202112,10,0,49742,995999,"D","12/10/2021 00:00:00",86,"M","Mobile/Trailer Home",202112
202112,10,0,49735,995999,"D","12/10/2021 00:00:00",65,"F","Permanent Home",202112
202112,10,0,49737,995999,"D","12/10/2021 00:00:00",69,"F","Permanent Home",202112
202112,10,0,49738,995999,"D","12/10/2021 00:00:00",80,"F","Permanent Home",202112
202112,10,0,49739,995999,"D","12/10/2021 00:00:00",71,"F","Permanent Home",202112
202112,10,0,49740,995999,"D","12/10/2021 00:00:00",60,"M","Permanent Home",202112
202112,10,0,49741,995999,"D","12/10/2021 00:00:00",78,"F","Permanent Home",202112
202112,12,0,49744,995999,"D","12/12/2021 00:00:00",0,"F","Permanent Home",202112
202112,10,0,49745,995999,"D","12/10/2021 00:00:00",74,"F","Permanent Home",202112
202112,10,0,49746,995999,"D","12/10/2021 00:00:00",34,"M","Permanent Home",202112
202112,10,0,49747,995999,"D","12/10/2021 00:00:00",54,"M","Permanent Home",202112
202112,30,0,49749,995999,"D","12/30/2021 00:00:00",84,"M","Permanent Home",202112
202112,10,0,45778,996014,"D","12/10/2021 00:00:00",0,"M","Mobile/Trailer Home",202112
202112,10,0,45779,996014,"D","12/10/2021 00:00:00",73,"M","Mobile/Trailer Home",202112
202112,10,0,45781,996014,"D","12/10/2021 00:00:00",50,"M","Permanent Home",202112
202112,10,0,45782,996014,"D","12/10/2021 00:00:00",74,"F","Permanent Home",202112
202112,10,0,45783,996014,"D","12/10/2021 00:00:00",43,"M","Permanent Home",202112
202112,10,0,45784,996014,"D","12/10/2021 00:00:00",36,"M","Permanent Home",202112
202107,7,0,43215,962841,"I","07/07/2021 00:00:00",47,"M","Vehicle/Towed Trailer",202107
202107,7,0,43216,962841,"I","07/07/2021 00:00:00",16,"F","Vehicle/Towed Trailer",202107
202107,7,0,43217,962841,"I","07/07/2021 00:00:00",17,"F","Vehicle/Towed Trailer",202107
202107,7,0,43218,962841,"I","07/07/2021 00:00:00",17,"M","Vehicle/Towed Trailer",202107
202107,24,0,43235,964040,"D","07/24/2021 00:00:00",,"M","Outside/Open Areas",202107
202107,30,0,43240,964357,"D","07/30/2021 00:00:00",37,"M","Under Tree",202107
202107,19,0,43267,965659,"I","07/19/2021 00:00:00",73,"M","Boating",202107
202107,7,0,43320,965726,"D","07/07/2021 00:00:00",25,"M","Vehicle/Towed Trailer",202107
202107,16,0,43315,966938,"D","07/16/2021 00:00:00",,"","Outside/Open Areas",202107
202107,17,0,43340,968181,"D","07/17/2021 00:00:00",25,"F","Vehicle/Towed Trailer",202107
202107,28,0,44206,970692,"D","07/28/2021 00:00:00",17,"M","Outside/Open Areas",202107
202107,20,0,44266,971685,"D","07/20/2021 00:00:00",57,"F","Permanent Home",202107
202107,20,0,44267,971685,"D","07/20/2021 00:00:00",61,"M","Permanent Home",202107
202107,20,0,44268,971685,"D","07/20/2021 00:00:00",59,"F","Permanent Home",202107
202107,20,0,44269,971685,"D","07/20/2021 00:00:00",85,"M","Permanent Home",202107
202107,25,0,44196,974349,"D","07/25/2021 00:00:00",30,"F","Vehicle/Towed Trailer",202107
202107,25,0,44197,974349,"D","07/25/2021 00:00:00",6,"M","Vehicle/Towed Trailer",202107
202107,25,0,44198,974349,"D","07/25/2021 00:00:00",2,"M","Vehicle/Towed Trailer",202107
202107,25,0,44199,974349,"D","07/25/2021 00:00:00",37,"M","Vehicle/Towed Trailer",202107
202107,25,0,44200,974349,"D","07/25/2021 00:00:00",12,"M","Vehicle/Towed Trailer",202107
202107,25,0,44201,974349,"D","07/25/2021 00:00:00",51,"M","Vehicle/Towed Trailer",202107
202107,25,0,44202,974349,"D","07/25/2021 00:00:00",47,"F","Vehicle/Towed Trailer",202107
202107,25,0,44203,974349,"D","07/25/2021 00:00:00",15,"M","Vehicle/Towed Trailer",202107
202107,21,0,44174,974534,"D","07/21/2021 00:00:00",9,"M","Vehicle/Towed Trailer",202107
202107,24,0,44170,974779,"D","07/24/2021 00:00:00",51,"M","In Water",202107
202107,8,0,44211,974808,"I","07/08/2021 00:00:00",49,"M","Boating",202107
202107,4,0,44179,975107,"D","07/04/2021 00:00:00",,"M","In Water",202107
202107,16,0,44205,975118,"D","07/16/2021 00:00:00",33,"M","In Water",202107
202107,17,0,44207,975361,"I","07/17/2021 00:00:00",58,"M","In Water",202107
202107,30,0,44248,975739,"D","07/30/2021 00:00:00",66,"F","Mobile/Trailer Home",202107
202107,9,0,44236,976304,"D","07/09/2021 00:00:00",,"","In Water",202107
202107,9,0,44237,976304,"D","07/09/2021 00:00:00",,"","In Water",202107
202107,9,0,44238,976304,"D","07/09/2021 00:00:00",,"","In Water",202107
202107,9,0,44239,976304,"D","07/09/2021 00:00:00",,"","In Water",202107
202112,27,0,45673,997138,"D","12/27/2021 00:00:00",,"","Other",202112
202112,25,0,45903,997205,"D","12/25/2021 00:00:00",,"","Outside/Open Areas",202112
202112,11,0,45727,997207,"D","12/11/2021 00:00:00",65,"M","Unknown",202112
202112,11,0,45728,997207,"D","12/11/2021 00:00:00",42,"F","Unknown",202112
202112,11,0,45729,997207,"I","12/11/2021 00:00:00",67,"M","Unknown",202112
202112,11,0,45713,997207,"D","12/11/2021 00:00:00",27,"M","Permanent Home",202112
202112,11,0,45714,997207,"D","12/11/2021 00:00:00",77,"F","Permanent Home",202112
202112,11,0,45715,997207,"D","12/11/2021 00:00:00",64,"F","Permanent Home",202112
202112,11,0,45716,997207,"D","12/11/2021 00:00:00",36,"F","Permanent Home",202112
202112,11,0,45717,997207,"D","12/11/2021 00:00:00",35,"M","Permanent Home",202112
202112,11,0,45718,997207,"D","12/11/2021 00:00:00",16,"F","Permanent Home",202112
202112,11,0,45719,997207,"D","12/11/2021 00:00:00",,"M","Permanent Home",202112
202112,11,0,45720,997207,"D","12/11/2021 00:00:00",4,"M","Permanent Home",202112
202112,11,0,45721,997207,"D","12/11/2021 00:00:00",13,"F","Permanent Home",202112
202112,11,0,45722,997207,"D","12/11/2021 00:00:00",,"F","Permanent Home",202112
202112,11,0,45723,997207,"D","12/11/2021 00:00:00",,"M","Permanent Home",202112
202112,11,0,45724,997207,"D","12/11/2021 00:00:00",,"F","Permanent Home",202112
202112,11,0,45725,997207,"D","12/11/2021 00:00:00",0,"F","Permanent Home",202112
202112,11,0,45726,997207,"D","12/11/2021 00:00:00",0,"F","Permanent Home",202112
202112,11,0,45691,997247,"D","12/11/2021 00:00:00",42,"F","Mobile/Trailer Home",202112
202112,15,0,45694,997495,"D","12/15/2021 00:00:00",84,"M","Outside/Open Areas",202112
202112,28,0,45695,997532,"I","12/28/2021 00:00:00",72,"F","Vehicle/Towed Trailer",202112
202112,17,0,45835,997644,"D","12/17/2021 00:00:00",71,"M","Vehicle/Towed Trailer",202112
202112,2,0,45789,998055,"I","12/02/2021 00:00:00",1,"F","Vehicle/Towed Trailer",202112
202112,11,0,45790,998613,"D","12/11/2021 00:00:00",,"M","Outside/Open Areas",202112
202112,21,0,45791,998616,"D","12/21/2021 00:00:00",,"","Vehicle/Towed Trailer",202112
202112,11,0,45831,999210,"D","12/11/2021 00:00:00",,"M","Vehicle/Towed Trailer",202112
202112,17,0,45850,999690,"D","12/17/2021 00:00:00",17,"M","Outside/Open Areas",202112
202112,17,0,45851,999690,"D","12/17/2021 00:00:00",17,"M","Outside/Open Areas",202112
202112,25,0,45849,999822,"D","12/25/2021 00:00:00",30,"M","Unknown",202112
202112,28,0,45871,1000242,"D","12/28/2021 00:00:00",62,"M","In Water",202112
202112,14,0,45905,1001314,"D","12/14/2021 00:00:00",15,"M","Vehicle/Towed Trailer",202112
202107,9,0,44240,976304,"D","07/09/2021 00:00:00",,"","In Water",202107
202101,3,0,42358,932613,"D","01/03/2021 00:00:00",7,"F","In Water",202101
202101,3,0,42359,932613,"D","01/03/2021 00:00:00",4,"M","In Water",202101
202101,3,0,42360,932613,"D","01/03/2021 00:00:00",40,"M","In Water",202101
202101,10,0,42361,932614,"D","01/10/2021 00:00:00",,"F","In Water",202101
202101,10,0,42362,932615,"D","01/10/2021 00:00:00",,"M","In Water",202101
202101,18,0,42364,932626,"D","01/18/2021 00:00:00",12,"M","In Water",202101
202101,8,0,42848,946829,"D","01/08/2021 00:00:00",35,"M","Outside/Open Areas",202101
202107,9,0,44241,976304,"D","07/09/2021 00:00:00",,"","In Water",202107
202107,9,0,44242,976304,"D","07/09/2021 00:00:00",,"","In Water",202107
202107,9,0,44243,976304,"D","07/09/2021 00:00:00",,"","In Water",202107
202107,9,0,44244,976304,"D","07/09/2021 00:00:00",,"","In Water",202107
202104,11,0,43033,956174,"D","04/11/2021 00:00:00",70,"M","Vehicle/Towed Trailer",202104
202107,16,0,44140,960613,"D","07/16/2021 00:00:00",71,"M","Golfing",202107
202107,29,0,44329,967830,"I","07/29/2021 00:00:00",29,"M","Vehicle/Towed Trailer",202107
202112,10,0,45785,996014,"D","12/10/2021 00:00:00",34,"F","Permanent Home",202112
202112,10,0,45786,996014,"D","12/10/2021 00:00:00",34,"M","Permanent Home",202112
202112,10,0,45787,996014,"D","12/10/2021 00:00:00",62,"F","Permanent Home",202112
202112,10,0,45777,996014,"D","12/10/2021 00:00:00",52,"F","Permanent Structure",202112
202108,18,0,46411,982337,"D","08/18/2021 00:00:00",31,"F","Vehicle/Towed Trailer",202108
202103,28,0,42898,951050,"D","03/28/2021 00:00:00",61,"F","In Water",202103
202104,24,0,42962,954336,"D","04/24/2021 00:00:00",2,"","Permanent Home",202104
202106,10,0,42963,954408,"D","06/10/2021 00:00:00",,"M","In Water",202106
202105,4,0,43177,957582,"D","05/04/2021 00:00:00",49,"F","Mobile/Trailer Home",202105
202105,17,0,44850,960532,"D","05/17/2021 00:00:00",33,"M","Vehicle/Towed Trailer",202105
202105,17,0,44851,960542,"D","05/17/2021 00:00:00",40,"M","Vehicle/Towed Trailer",202105
202106,9,0,43259,965283,"D","06/09/2021 00:00:00",63,"M","In Water",202106
202106,6,0,43260,965289,"D","06/06/2021 00:00:00",57,"M","In Water",202106
202108,24,0,44109,971731,"D","08/24/2021 00:00:00",60,"M","Heavy Equipment/Construction",202108
202107,22,0,44245,976232,"D","07/22/2021 00:00:00",4,"F","Vehicle/Towed Trailer",202107
202107,29,0,44247,976546,"D","07/29/2021 00:00:00",13,"M","In Water",202107
202107,6,0,44501,976591,"D","07/06/2021 00:00:00",32,"M","Outside/Open Areas",202107
202107,6,0,44811,976592,"D","07/06/2021 00:00:00",,"M","Outside/Open Areas",202107
202107,6,0,44812,976592,"D","07/06/2021 00:00:00",34,"M","Outside/Open Areas",202107
202107,6,0,44813,976592,"D","07/06/2021 00:00:00",25,"M","Outside/Open Areas",202107
202107,10,0,44254,976593,"D","07/10/2021 00:00:00",44,"M","Outside/Open Areas",202107
202107,10,0,44771,976594,"D","07/10/2021 00:00:00",24,"M","Outside/Open Areas",202107
202107,21,0,44772,976595,"D","07/21/2021 00:00:00",27,"M","Outside/Open Areas",202107
202107,21,0,44773,976595,"I","07/21/2021 00:00:00",28,"M","Outside/Open Areas",202107
202108,17,0,46397,982265,"D","08/17/2021 00:00:00",74,"M","Outside/Open Areas",202108
202108,17,0,46398,982265,"D","08/17/2021 00:00:00",75,"M","Outside/Open Areas",202108
202108,17,0,46394,982265,"D","08/17/2021 00:00:00",86,"M","Vehicle/Towed Trailer",202108
202108,17,0,46395,982265,"D","08/17/2021 00:00:00",73,"F","Vehicle/Towed Trailer",202108
202108,17,0,46396,982265,"D","08/17/2021 00:00:00",83,"F","Vehicle/Towed Trailer",202108
202108,21,0,44442,982536,"D","08/21/2021 00:00:00",61,"F","Unknown",202108
202108,21,0,44443,982536,"D","08/21/2021 00:00:00",53,"F","Unknown",202108
202108,21,0,44445,982536,"D","08/21/2021 00:00:00",7,"F","Unknown",202108
202108,21,0,44446,982536,"D","08/21/2021 00:00:00",15,"F","Unknown",202108
202108,21,0,44447,982536,"D","08/21/2021 00:00:00",16,"M","Unknown",202108
202108,21,0,44449,982536,"D","08/21/2021 00:00:00",35,"M","Unknown",202108
202108,21,0,44450,982536,"D","08/21/2021 00:00:00",49,"M","Unknown",202108
202108,21,0,44452,982536,"D","08/21/2021 00:00:00",57,"M","Unknown",202108
202108,21,0,44453,982536,"D","08/21/2021 00:00:00",58,"M","Unknown",202108
202108,21,0,44454,982536,"D","08/21/2021 00:00:00",59,"F","Unknown",202108
202108,21,0,44455,982536,"D","08/21/2021 00:00:00",60,"F","Unknown",202108
202108,21,0,44456,982536,"D","08/21/2021 00:00:00",67,"M","Unknown",202108
202108,21,0,44448,982536,"D","08/21/2021 00:00:00",22,"F","Business",202108
202108,21,0,44440,982536,"D","08/21/2021 00:00:00",1,"M","Outside/Open Areas",202108
202108,21,0,44441,982536,"D","08/21/2021 00:00:00",1,"F","Outside/Open Areas",202108
202108,21,0,44439,982536,"D","08/21/2021 00:00:00",2,"M","Permanent Home",202108
202108,21,0,44444,982536,"D","08/21/2021 00:00:00",55,"F","Permanent Home",202108
202108,21,0,44451,982536,"D","08/21/2021 00:00:00",51,"F","Permanent Home",202108
202108,21,0,44457,982536,"D","08/21/2021 00:00:00",57,"F","Permanent Home",202108
202108,21,0,44459,982537,"D","08/21/2021 00:00:00",70,"M","Outside/Open Areas",202108
202108,17,0,46399,1027405,"D","08/17/2021 00:00:00",68,"M","Outside/Open Areas",202108
202108,14,0,45197,983830,"D","08/14/2021 00:00:00",56,"F","In Water",202108
202108,14,0,45196,983830,"D","08/14/2021 00:00:00",45,"M","Vehicle/Towed Trailer",202108
202108,31,0,44517,983877,"D","08/31/2021 00:00:00",61,"M","In Water",202108
202108,31,0,44518,983877,"D","08/31/2021 00:00:00",,"F","In Water",202108
202108,18,0,44546,983936,"D","08/18/2021 00:00:00",44,"M","In Water",202108
202107,21,0,48148,1067086,"I","07/21/2021 00:00:00",,"","Unknown",202107
202107,22,0,48093,1067087,"I","07/22/2021 00:00:00",,"","Unknown",202107
202107,23,0,48091,1067088,"I","07/23/2021 00:00:00",,"","Unknown",202107
202107,23,0,48092,1067088,"I","07/23/2021 00:00:00",,"","Unknown",202107
202107,22,0,48094,1067089,"I","07/22/2021 00:00:00",,"","Unknown",202107
202107,23,0,48095,1067090,"I","07/23/2021 00:00:00",,"","Unknown",202107
202107,27,0,48096,1067092,"I","07/27/2021 00:00:00",,"","Unknown",202107
202107,27,0,48097,1067092,"I","07/27/2021 00:00:00",,"","Unknown",202107
202107,28,0,48098,1067093,"I","07/28/2021 00:00:00",,"","Unknown",202107
202107,28,0,48099,1067093,"I","07/28/2021 00:00:00",,"","Unknown",202107
202107,29,0,48100,1067094,"D","07/29/2021 00:00:00",,"","Unknown",202107
202107,30,0,48102,1067096,"I","07/30/2021 00:00:00",,"","Unknown",202107
202107,30,0,48145,1067137,"D","07/30/2021 00:00:00",31,"F","Outside/Open Areas",202107
202107,21,0,48149,1067146,"D","07/21/2021 00:00:00",90,"M","Vehicle/Towed Trailer",202107
202107,21,0,48147,1067086,"D","07/21/2021 00:00:00",,"","Unknown",202107
202112,10,0,45804,994196,"D","12/10/2021 00:00:00",50,"M","Mobile/Trailer Home",202112
202107,3,0,47957,1066909,"I","07/03/2021 00:00:00",,"","Unknown",202107
202107,8,0,47972,1066915,"D","07/08/2021 00:00:00",,"","Unknown",202107
202107,10,0,48127,1066920,"D","07/10/2021 00:00:00",,"","Unknown",202107
202107,13,0,48139,1066920,"I","07/13/2021 00:00:00",,"","Unknown",202107
202107,10,0,48031,1066924,"D","07/10/2021 00:00:00",,"","Unknown",202107
202107,19,0,48068,1067078,"I","07/19/2021 00:00:00",,"","Unknown",202107
202107,22,0,48088,1067081,"D","07/22/2021 00:00:00",,"","Unknown",202107
202107,3,0,47958,1066909,"I","07/03/2021 00:00:00",,"","Unknown",202107
202107,13,0,48137,1066920,"D","07/13/2021 00:00:00",,"","Unknown",202107
202107,20,0,48078,1067079,"I","07/20/2021 00:00:00",,"","Unknown",202107
202112,10,0,45805,994196,"D","12/10/2021 00:00:00",80,"F","Mobile/Trailer Home",202112
202112,10,0,45806,994196,"D","12/10/2021 00:00:00",31,"M","Mobile/Trailer Home",202112
202112,10,0,45807,994196,"D","12/10/2021 00:00:00",31,"F","Mobile/Trailer Home",202112
202112,10,0,45813,994196,"D","12/10/2021 00:00:00",60,"F","Unknown",202112
202112,10,0,45792,994196,"D","12/10/2021 00:00:00",47,"M","Long Span Roof",202112
202112,10,0,45793,994196,"D","12/10/2021 00:00:00",50,"F","Long Span Roof",202112
202112,10,0,45794,994196,"D","12/10/2021 00:00:00",21,"M","Long Span Roof",202112
202112,10,0,45795,994196,"D","12/10/2021 00:00:00",52,"F","Long Span Roof",202112
202112,10,0,45796,994196,"D","12/10/2021 00:00:00",36,"M","Long Span Roof",202112
202112,10,0,45797,994196,"D","12/10/2021 00:00:00",57,"F","Long Span Roof",202112
202112,10,0,45798,994196,"D","12/10/2021 00:00:00",51,"M","Long Span Roof",202112
202112,10,0,45799,994196,"D","12/10/2021 00:00:00",30,"F","Long Span Roof",202112
202112,15,0,45800,994196,"D","12/15/2021 00:00:00",35,"M","Long Span Roof",202112
202112,10,0,45808,994196,"D","12/10/2021 00:00:00",7,"F","Mobile/Trailer Home",202112
202107,14,0,44282,978387,"D","07/14/2021 00:00:00",29,"F","Camping",202107
202108,29,0,44417,978959,"D","08/29/2021 00:00:00",60,"M","Permanent Home",202108
202109,13,0,44418,978961,"I","09/13/2021 00:00:00",69,"M","Permanent Home",202108
202109,13,0,44419,978961,"I","09/13/2021 00:00:00",85,"F","Permanent Home",202108
202109,1,0,44394,978964,"I","09/01/2021 00:00:00",59,"F","Permanent Home",202108
202109,2,0,44395,978964,"I","09/02/2021 00:00:00",17,"M","Permanent Home",202108
202109,2,0,44396,978964,"I","09/02/2021 00:00:00",23,"F","Permanent Home",202108
202109,2,0,44397,978964,"I","09/02/2021 00:00:00",54,"F","Permanent Home",202108
202108,29,0,44393,978965,"D","08/29/2021 00:00:00",65,"F","In Water",202108
202109,8,0,44398,978980,"I","09/08/2021 00:00:00",24,"M","Permanent Home",202108
202109,8,0,44399,978980,"I","09/08/2021 00:00:00",44,"M","Permanent Home",202108
202109,8,0,44400,978980,"I","09/08/2021 00:00:00",64,"M","Permanent Home",202108
202109,8,0,44401,978980,"I","09/08/2021 00:00:00",65,"F","Permanent Home",202108
202109,8,0,44402,978980,"I","09/08/2021 00:00:00",65,"M","Permanent Home",202108
202109,8,0,44403,978980,"I","09/08/2021 00:00:00",68,"M","Permanent Home",202108
202109,8,0,44404,978980,"I","09/08/2021 00:00:00",70,"F","Permanent Home",202108
202109,8,0,44405,978980,"I","09/08/2021 00:00:00",73,"M","Permanent Home",202108
202109,8,0,44406,978980,"I","09/08/2021 00:00:00",74,"F","Permanent Home",202108
202109,8,0,44407,978980,"I","09/08/2021 00:00:00",79,"M","Permanent Home",202108
202109,8,0,44408,978980,"I","09/08/2021 00:00:00",64,"M","Permanent Home",202108
202109,5,0,44409,978980,"I","09/05/2021 00:00:00",74,"M","Permanent Home",202108
202108,29,0,44307,978984,"D","08/29/2021 00:00:00",25,"M","In Water",202108
202108,29,0,44410,979004,"D","08/29/2021 00:00:00",,"M","Unknown",202108
202109,3,0,44411,979217,"D","09/03/2021 00:00:00",59,"M","Permanent Home",202108
202108,30,0,44412,979222,"I","08/30/2021 00:00:00",71,"M","In Water",202108
202109,6,0,44413,979222,"I","09/06/2021 00:00:00",68,"M","Permanent Home",202108
202109,6,0,44414,979222,"I","09/06/2021 00:00:00",71,"M","Permanent Home",202108
202109,8,0,44415,979222,"I","09/08/2021 00:00:00",70,"M","Permanent Home",202108
202109,4,0,44420,979228,"I","09/04/2021 00:00:00",84,"M","Permanent Home",202108
202109,4,0,44421,979228,"I","09/04/2021 00:00:00",61,"M","Permanent Home",202108
202109,1,0,44416,979236,"I","09/01/2021 00:00:00",77,"M","Permanent Home",202108
202107,25,0,44848,979437,"D","07/25/2021 00:00:00",,"M","Vehicle/Towed Trailer",202107
202107,24,0,44852,979440,"D","07/24/2021 00:00:00",16,"F","Vehicle/Towed Trailer",202107
202107,31,0,44335,980442,"D","07/31/2021 00:00:00",43,"F","In Water",202107
202108,4,0,44513,983884,"D","08/04/2021 00:00:00",55,"M","Outside/Open Areas",202108
202108,4,0,44814,983885,"D","08/04/2021 00:00:00",45,"M","Outside/Open Areas",202108
202108,6,0,44512,983890,"D","08/06/2021 00:00:00",24,"M","Outside/Open Areas",202108
202108,26,0,44519,983922,"D","08/26/2021 00:00:00",20,"M","Outside/Open Areas",202108
202108,29,0,44520,983923,"D","08/29/2021 00:00:00",22,"M","Outside/Open Areas",202108
202109,2,0,44632,984176,"D","09/02/2021 00:00:00",50,"M","Vehicle/Towed Trailer",202109
202107,25,0,44849,991869,"D","07/25/2021 00:00:00",,"M","Vehicle/Towed Trailer",202107
202108,25,0,45206,993091,"D","08/25/2021 00:00:00",59,"M","Golfing",202108
202108,18,0,44547,983936,"D","08/18/2021 00:00:00",44,"F","In Water",202108
202108,1,0,48393,1071560,"D","08/01/2021 00:00:00",,"","Unknown",202108
202108,1,0,48394,1071560,"I","08/01/2021 00:00:00",,"","Unknown",202108
202108,2,0,48376,1071561,"D","08/02/2021 00:00:00",,"","Unknown",202108
202108,2,0,48377,1071561,"D","08/02/2021 00:00:00",,"","Unknown",202108
202108,2,0,48378,1071561,"I","08/02/2021 00:00:00",,"","Unknown",202108
202108,2,0,48379,1071561,"I","08/02/2021 00:00:00",,"","Unknown",202108
202108,3,0,48380,1071562,"D","08/03/2021 00:00:00",,"","Unknown",202108
202108,3,0,48381,1071562,"D","08/03/2021 00:00:00",,"","Unknown",202108
202108,4,0,48382,1071562,"D","08/04/2021 00:00:00",,"","Unknown",202108
202108,4,0,48383,1071562,"D","08/04/2021 00:00:00",,"","Unknown",202108
202108,4,0,48384,1071562,"D","08/04/2021 00:00:00",,"","Unknown",202108
202108,4,0,48385,1071562,"D","08/04/2021 00:00:00",,"","Unknown",202108
202108,4,0,48387,1071562,"D","08/04/2021 00:00:00",,"","Unknown",202108
202108,3,0,48388,1071563,"D","08/03/2021 00:00:00",,"","Unknown",202108
202108,3,0,48389,1071563,"D","08/03/2021 00:00:00",,"","Unknown",202108
202108,4,0,48390,1071563,"D","08/04/2021 00:00:00",,"","Unknown",202108
202108,4,0,48391,1071563,"D","08/04/2021 00:00:00",,"","Unknown",202108
202108,4,0,48392,1071563,"D","08/04/2021 00:00:00",,"","Unknown",202108
202108,5,0,48395,1071564,"D","08/05/2021 00:00:00",,"","Unknown",202108
202108,5,0,48396,1071565,"D","08/05/2021 00:00:00",,"","Unknown",202108
202108,6,0,48397,1071566,"D","08/06/2021 00:00:00",,"","Unknown",202108
202108,6,0,48398,1071567,"D","08/06/2021 00:00:00",,"","Unknown",202108
202108,6,0,48399,1071568,"D","08/06/2021 00:00:00",,"","Unknown",202108
202108,7,0,48401,1071569,"D","08/07/2021 00:00:00",,"","Unknown",202108
202108,7,0,48402,1071569,"D","08/07/2021 00:00:00",,"","Unknown",202108
202108,7,0,48403,1071569,"I","08/07/2021 00:00:00",,"","Unknown",202108
202108,7,0,48404,1071570,"D","08/07/2021 00:00:00",,"","Unknown",202108
202108,8,0,48406,1071572,"D","08/08/2021 00:00:00",,"","Unknown",202108
202108,8,0,48407,1071572,"D","08/08/2021 00:00:00",,"","Unknown",202108
202108,8,0,48408,1071572,"D","08/08/2021 00:00:00",,"","Unknown",202108
202108,8,0,48409,1071572,"D","08/08/2021 00:00:00",,"","Unknown",202108
202108,8,0,48410,1071572,"I","08/08/2021 00:00:00",,"","Unknown",202108
202108,8,0,48412,1071573,"D","08/08/2021 00:00:00",,"","Unknown",202108
202108,8,0,48413,1071574,"D","08/08/2021 00:00:00",,"","Unknown",202108
202108,8,0,48414,1071574,"D","08/08/2021 00:00:00",,"","Unknown",202108
202108,9,0,48415,1071574,"D","08/09/2021 00:00:00",,"","Unknown",202108
202108,9,0,48416,1071574,"D","08/09/2021 00:00:00",,"","Unknown",202108
202108,9,0,48417,1071574,"I","08/09/2021 00:00:00",,"","Unknown",202108
202108,25,0,48418,1071907,"D","08/25/2021 00:00:00",,"","Unknown",202108
202108,26,0,48419,1071907,"D","08/26/2021 00:00:00",,"","Unknown",202108
202108,26,0,48420,1071907,"D","08/26/2021 00:00:00",,"","Unknown",202108
202108,26,0,48421,1071907,"D","08/26/2021 00:00:00",,"","Unknown",202108
202108,27,0,48422,1071907,"D","08/27/2021 00:00:00",,"","Unknown",202108
202108,27,0,48423,1071907,"D","08/27/2021 00:00:00",,"","Unknown",202108
202108,27,0,48424,1071907,"D","08/27/2021 00:00:00",,"","Unknown",202108
202108,26,0,48425,1071908,"D","08/26/2021 00:00:00",,"","Unknown",202108
202108,26,0,48426,1071908,"D","08/26/2021 00:00:00",,"","Unknown",202108
202108,28,0,48427,1071923,"D","08/28/2021 00:00:00",,"","Unknown",202108
202108,28,0,48428,1071923,"D","08/28/2021 00:00:00",,"","Unknown",202108
202108,28,0,48429,1071923,"D","08/28/2021 00:00:00",,"","Unknown",202108
202108,28,0,48430,1071923,"I","08/28/2021 00:00:00",,"","Unknown",202108
202108,29,0,48431,1071956,"D","08/29/2021 00:00:00",,"","Unknown",202108
202108,29,0,48432,1071956,"I","08/29/2021 00:00:00",,"","Unknown",202108
202108,29,0,48433,1071956,"I","08/29/2021 00:00:00",,"","Unknown",202108
202108,29,0,48434,1071957,"I","08/29/2021 00:00:00",,"","Unknown",202108
202108,29,0,48435,1071957,"I","08/29/2021 00:00:00",,"","Unknown",202108
202108,30,0,48436,1071958,"I","08/30/2021 00:00:00",,"","Unknown",202108
202108,31,0,48437,1071958,"I","08/31/2021 00:00:00",,"","Unknown",202108
202108,31,0,48438,1071958,"I","08/31/2021 00:00:00",,"","Unknown",202108
202108,31,0,48439,1071958,"I","08/31/2021 00:00:00",,"","Unknown",202108
202108,31,0,48440,1071961,"I","08/31/2021 00:00:00",,"","Unknown",202108
202108,30,0,48441,1071964,"I","08/30/2021 00:00:00",,"","Unknown",202108
202108,30,0,48442,1071965,"I","08/30/2021 00:00:00",,"","Unknown",202108
202106,10,0,48172,1068472,"D","06/10/2021 00:00:00",63,"F","Boating",202106
202108,4,0,48386,1071562,"D","08/04/2021 00:00:00",,"","Unknown",202108
202108,6,0,48400,1071568,"D","08/06/2021 00:00:00",,"","Unknown",202108
202108,9,0,48411,1071572,"I","08/09/2021 00:00:00",,"","Unknown",202108
202108,7,0,48405,1071571,"D","08/07/2021 00:00:00",,"","Unknown",202108
202112,24,0,45870,992535,"D","12/24/2021 00:00:00",54,"M","Outside/Open Areas",202112
202112,30,0,47046,992562,"D","12/30/2021 00:00:00",69,"M","Permanent Home",202112
202112,30,0,47047,992562,"D","12/30/2021 00:00:00",91,"F","Permanent Home",202112
202102,10,0,42627,941524,"I","02/10/2021 00:00:00",,"M","Vehicle/Towed Trailer",202102
202102,11,0,42632,941525,"I","02/11/2021 00:00:00",,"M","Vehicle/Towed Trailer",202102
202102,11,0,42633,941525,"I","02/11/2021 00:00:00",,"M","Vehicle/Towed Trailer",202102
202102,12,0,42634,941525,"I","02/12/2021 00:00:00",20,"M","Vehicle/Towed Trailer",202102
202102,11,0,42729,941532,"I","02/11/2021 00:00:00",45,"M","Vehicle/Towed Trailer",202102
202102,11,0,42730,941532,"I","02/11/2021 00:00:00",46,"F","Vehicle/Towed Trailer",202102
202102,11,0,42731,941532,"I","02/11/2021 00:00:00",54,"M","Vehicle/Towed Trailer",202102
202102,11,0,42732,941532,"I","02/11/2021 00:00:00",49,"M","Vehicle/Towed Trailer",202102
202102,11,0,42733,941532,"I","02/11/2021 00:00:00",47,"M","Vehicle/Towed Trailer",202102
202102,11,0,42734,941532,"I","02/11/2021 00:00:00",34,"F","Vehicle/Towed Trailer",202102
202102,16,0,42707,942350,"D","02/16/2021 00:00:00",,"","Unknown",202102
202102,16,0,42703,942353,"D","02/16/2021 00:00:00",,"","Unknown",202102
202102,16,0,42706,942414,"D","02/16/2021 00:00:00",,"","Unknown",202102
202103,5,0,42670,942419,"I","03/05/2021 00:00:00",82,"M","Permanent Home",202102
202102,16,0,49530,942629,"D","02/16/2021 00:00:00",73,"M","Outside/Open Areas",202102
202102,16,0,49531,942629,"D","02/16/2021 00:00:00",43,"M","Outside/Open Areas",202102
202102,15,0,49529,942629,"I","02/15/2021 00:00:00",23,"M","Permanent Home",202102
202102,16,0,42688,942630,"D","02/16/2021 00:00:00",71,"M","Unknown",202102
202102,16,0,42689,942630,"D","02/16/2021 00:00:00",63,"M","Unknown",202102
202102,16,0,42690,942630,"D","02/16/2021 00:00:00",63,"M","Unknown",202102
202102,16,0,42691,942630,"D","02/16/2021 00:00:00",77,"M","Unknown",202102
202102,17,0,42692,942630,"D","02/17/2021 00:00:00",45,"M","Unknown",202102
202102,17,0,42693,942630,"D","02/17/2021 00:00:00",84,"M","Unknown",202102
202102,19,0,42694,942630,"D","02/19/2021 00:00:00",54,"M","Unknown",202102
202102,20,0,42695,942630,"D","02/20/2021 00:00:00",70,"M","Unknown",202102
202102,19,0,42686,942630,"I","02/19/2021 00:00:00",41,"M","Permanent Home",202102
202102,16,0,42705,942633,"D","02/16/2021 00:00:00",,"","Unknown",202102
202102,16,0,42699,942635,"D","02/16/2021 00:00:00",,"","Unknown",202102
202102,16,0,42700,942635,"D","02/16/2021 00:00:00",,"","Unknown",202102
202102,14,0,42673,942638,"I","02/14/2021 00:00:00",,"","Unknown",202102
202102,14,0,42674,942638,"I","02/14/2021 00:00:00",,"","Unknown",202102
202102,16,0,42701,942652,"D","02/16/2021 00:00:00",,"","Unknown",202102
202102,16,0,42702,942652,"D","02/16/2021 00:00:00",,"","Unknown",202102
202102,16,0,42698,942655,"D","02/16/2021 00:00:00",,"","Unknown",202102
202102,16,0,42708,942656,"D","02/16/2021 00:00:00",,"","Unknown",202102
202102,16,0,42709,942657,"D","02/16/2021 00:00:00",,"","Unknown",202102
202102,16,0,42710,942665,"D","02/16/2021 00:00:00",,"","Unknown",202102
202102,11,0,42587,942693,"I","02/11/2021 00:00:00",56,"F","Vehicle/Towed Trailer",202102
202102,9,0,42601,942740,"I","02/09/2021 00:00:00",27,"M","Vehicle/Towed Trailer",202102
202102,11,0,42626,943495,"I","02/11/2021 00:00:00",63,"M","Vehicle/Towed Trailer",202102
202102,16,0,42697,944867,"I","02/16/2021 00:00:00",39,"M","Vehicle/Towed Trailer",202102
202102,13,0,42696,944869,"D","02/13/2021 00:00:00",52,"M","Unknown",202102
202112,10,0,45856,997127,"D","12/10/2021 00:00:00",94,"M","Permanent Structure",202112
202112,10,0,45858,997128,"D","12/10/2021 00:00:00",52,"F","Permanent Structure",202112
202112,10,0,46305,997130,"D","12/10/2021 00:00:00",9,"F","Permanent Home",202112
202112,10,0,46306,997130,"D","12/10/2021 00:00:00",60,"M","Vehicle/Towed Trailer",202112
202112,10,0,46307,997130,"I","12/10/2021 00:00:00",28,"M","Vehicle/Towed Trailer",202112
202112,10,0,45876,997133,"D","12/10/2021 00:00:00",47,"M","Permanent Structure",202112
202112,10,0,45877,997133,"D","12/10/2021 00:00:00",50,"M","Permanent Structure",202112
202112,10,0,45878,997133,"D","12/10/2021 00:00:00",12,"M","Permanent Structure",202112
202112,10,0,45879,997135,"D","12/10/2021 00:00:00",72,"M","Vehicle/Towed Trailer",202112
202112,11,0,45848,999788,"D","12/11/2021 00:00:00",54,"F","Permanent Home",202112
202107,1,0,47945,1066907,"D","07/01/2021 00:00:00",,"","Unknown",202107
202107,1,0,47946,1066907,"I","07/01/2021 00:00:00",,"","Unknown",202107
202107,2,0,47953,1066908,"I","07/02/2021 00:00:00",,"","Unknown",202107
202107,2,0,47954,1066908,"I","07/02/2021 00:00:00",,"","Unknown",202107
202107,2,0,47955,1066908,"I","07/02/2021 00:00:00",,"","Unknown",202107
202102,19,0,42687,942630,"I","02/19/2021 00:00:00",28,"M","Permanent Home",202102
202107,3,0,47956,1066909,"D","07/03/2021 00:00:00",,"","Unknown",202107
202107,3,0,47959,1066909,"I","07/03/2021 00:00:00",,"","Unknown",202107
202107,4,0,47960,1066910,"I","07/04/2021 00:00:00",,"","Unknown",202107
202107,4,0,47961,1066910,"I","07/04/2021 00:00:00",,"","Unknown",202107
202107,5,0,47965,1066911,"D","07/05/2021 00:00:00",,"","Unknown",202107
202107,5,0,47966,1066911,"I","07/05/2021 00:00:00",,"","Unknown",202107
202107,5,0,47967,1066911,"I","07/05/2021 00:00:00",,"","Unknown",202107
202107,6,0,47975,1066913,"D","07/06/2021 00:00:00",,"","Unknown",202107
202107,6,0,47976,1066913,"I","07/06/2021 00:00:00",,"","Unknown",202107
202107,7,0,47970,1066914,"D","07/07/2021 00:00:00",,"","Unknown",202107
202107,7,0,47971,1066914,"D","07/07/2021 00:00:00",,"","Unknown",202107
202107,8,0,47973,1066915,"D","07/08/2021 00:00:00",,"","Unknown",202107
202107,8,0,47974,1066915,"D","07/08/2021 00:00:00",,"","Unknown",202107
202107,6,0,47977,1066916,"D","07/06/2021 00:00:00",,"","Unknown",202107
202107,7,0,47978,1066917,"D","07/07/2021 00:00:00",,"","Unknown",202107
202107,8,0,47981,1066918,"D","07/08/2021 00:00:00",,"","Unknown",202107
202107,8,0,47982,1066918,"D","07/08/2021 00:00:00",,"","Unknown",202107
202107,8,0,47983,1066919,"D","07/08/2021 00:00:00",,"","Unknown",202107
202107,9,0,48123,1066920,"D","07/09/2021 00:00:00",,"","Unknown",202107
202107,9,0,48124,1066920,"D","07/09/2021 00:00:00",,"","Unknown",202107
202107,9,0,48125,1066920,"D","07/09/2021 00:00:00",,"","Unknown",202107
202107,10,0,48126,1066920,"D","07/10/2021 00:00:00",,"","Unknown",202107
202107,11,0,48128,1066920,"D","07/11/2021 00:00:00",,"","Unknown",202107
202107,12,0,48129,1066920,"D","07/12/2021 00:00:00",,"","Unknown",202107
202107,12,0,48130,1066920,"D","07/12/2021 00:00:00",,"","Unknown",202107
202107,12,0,48131,1066920,"D","07/12/2021 00:00:00",,"","Unknown",202107
202107,12,0,48132,1066920,"D","07/12/2021 00:00:00",,"","Unknown",202107
202107,13,0,48133,1066920,"D","07/13/2021 00:00:00",,"","Unknown",202107
202107,13,0,48134,1066920,"D","07/13/2021 00:00:00",,"","Unknown",202107
202107,13,0,48135,1066920,"D","07/13/2021 00:00:00",,"","Unknown",202107
202107,13,0,48136,1066920,"D","07/13/2021 00:00:00",,"","Unknown",202107
202107,13,0,48138,1066920,"I","07/13/2021 00:00:00",,"","Unknown",202107
202107,14,0,48140,1066920,"D","07/14/2021 00:00:00",,"","Unknown",202107
202107,14,0,48141,1066920,"I","07/14/2021 00:00:00",,"","Unknown",202107
202107,12,0,48142,1066920,"I","07/12/2021 00:00:00",,"","Unknown",202107
202107,9,0,48143,1066921,"D","07/09/2021 00:00:00",,"","Unknown",202107
202107,12,0,48144,1066921,"D","07/12/2021 00:00:00",,"","Unknown",202107
202107,10,0,48025,1066922,"D","07/10/2021 00:00:00",,"","Unknown",202107
202107,9,0,48026,1066923,"D","07/09/2021 00:00:00",,"","Unknown",202107
202107,9,0,48027,1066923,"D","07/09/2021 00:00:00",,"","Unknown",202107
202107,10,0,48028,1066923,"D","07/10/2021 00:00:00",,"","Unknown",202107
202107,10,0,48029,1066923,"D","07/10/2021 00:00:00",,"","Unknown",202107
202107,10,0,48030,1066924,"D","07/10/2021 00:00:00",,"","Unknown",202107
202107,11,0,48032,1066924,"D","07/11/2021 00:00:00",,"","Unknown",202107
202107,9,0,48033,1066925,"D","07/09/2021 00:00:00",,"","Unknown",202107
202107,11,0,48034,1066925,"D","07/11/2021 00:00:00",,"","Unknown",202107
202107,12,0,48035,1066925,"D","07/12/2021 00:00:00",,"","Unknown",202107
202107,12,0,48036,1066925,"D","07/12/2021 00:00:00",,"","Unknown",202107
202107,12,0,48037,1066925,"D","07/12/2021 00:00:00",,"","Unknown",202107
202107,13,0,48038,1066925,"D","07/13/2021 00:00:00",,"","Unknown",202107
202107,12,0,48039,1066926,"D","07/12/2021 00:00:00",,"","Unknown",202107
202107,18,0,48046,1067077,"I","07/18/2021 00:00:00",,"","Unknown",202107
202107,18,0,48047,1067077,"I","07/18/2021 00:00:00",,"","Unknown",202107
202107,19,0,48069,1067078,"I","07/19/2021 00:00:00",,"","Unknown",202107
202107,19,0,48070,1067078,"I","07/19/2021 00:00:00",,"","Unknown",202107
202107,19,0,48071,1067078,"I","07/19/2021 00:00:00",,"","Unknown",202107
202107,20,0,48074,1067079,"D","07/20/2021 00:00:00",,"","Unknown",202107
202107,20,0,48075,1067079,"D","07/20/2021 00:00:00",,"","Unknown",202107
202107,20,0,48076,1067079,"D","07/20/2021 00:00:00",,"","Unknown",202107
202107,20,0,48077,1067079,"I","07/20/2021 00:00:00",,"","Unknown",202107
202107,21,0,48081,1067080,"D","07/21/2021 00:00:00",,"","Unknown",202107
202107,21,0,48082,1067080,"D","07/21/2021 00:00:00",,"","Unknown",202107
202107,22,0,48087,1067081,"D","07/22/2021 00:00:00",,"","Unknown",202107
202107,22,0,48089,1067081,"I","07/22/2021 00:00:00",,"","Unknown",202107
202107,20,0,48067,1067082,"I","07/20/2021 00:00:00",,"","Unknown",202107
202107,19,0,48072,1067084,"I","07/19/2021 00:00:00",,"","Unknown",202107
202107,19,0,48073,1067084,"I","07/19/2021 00:00:00",,"","Unknown",202107
202107,20,0,48079,1067085,"D","07/20/2021 00:00:00",,"","Unknown",202107
202107,20,0,48080,1067085,"D","07/20/2021 00:00:00",,"","Unknown",202107
202107,21,0,48146,1067086,"D","07/21/2021 00:00:00",,"","Unknown",202107
202112,15,0,45869,994020,"I","12/15/2021 00:00:00",65,"F","Vehicle/Towed Trailer",202112
202112,15,0,48690,998963,"D","12/15/2021 00:00:00",65,"M","Under Tree",202112
202112,28,0,45823,999018,"I","12/28/2021 00:00:00",41,"M","Vehicle/Towed Trailer",202112
202109,4,0,48574,1077498,"I","09/04/2021 00:00:00",,"","Unknown",202109
202109,4,0,48575,1077498,"I","09/04/2021 00:00:00",,"","Unknown",202109
202109,5,0,48581,1077499,"D","09/05/2021 00:00:00",,"","Unknown",202109
202109,5,0,48582,1077499,"I","09/05/2021 00:00:00",,"","Unknown",202109
202109,6,0,48578,1077500,"I","09/06/2021 00:00:00",,"","Unknown",202109
202109,6,0,48579,1077500,"I","09/06/2021 00:00:00",,"","Unknown",202109
202109,7,0,48580,1077501,"D","09/07/2021 00:00:00",,"","Unknown",202109
202109,5,0,48583,1077502,"I","09/05/2021 00:00:00",,"","Unknown",202109
202109,5,0,48584,1077502,"I","09/05/2021 00:00:00",,"","Unknown",202109
202109,5,0,48585,1077503,"I","09/05/2021 00:00:00",,"","Unknown",202109
202109,5,0,48588,1077504,"I","09/05/2021 00:00:00",,"","Unknown",202109
202109,5,0,48587,1077505,"D","09/05/2021 00:00:00",,"","Unknown",202109
202109,6,0,48589,1077507,"I","09/06/2021 00:00:00",,"","Unknown",202109
202109,7,0,48590,1077509,"D","09/07/2021 00:00:00",,"","Unknown",202109
202109,8,0,48591,1077510,"D","09/08/2021 00:00:00",,"","Unknown",202109
202109,9,0,48592,1077521,"D","09/09/2021 00:00:00",,"","Unknown",202109
202109,10,0,48594,1077523,"D","09/10/2021 00:00:00",,"","Unknown",202109
202109,10,0,48595,1077524,"D","09/10/2021 00:00:00",,"","Unknown",202109
202109,10,0,48596,1077525,"D","09/10/2021 00:00:00",,"","Unknown",202109
202109,11,0,48597,1077616,"D","09/11/2021 00:00:00",,"","Unknown",202109
202109,11,0,48598,1077617,"D","09/11/2021 00:00:00",,"","Unknown",202109
202109,11,0,48599,1077618,"D","09/11/2021 00:00:00",,"","Unknown",202109
202109,12,0,48600,1077620,"D","09/12/2021 00:00:00",,"","Unknown",202109
202109,14,0,48601,1077620,"D","09/14/2021 00:00:00",,"","Unknown",202109
202109,14,0,48602,1077620,"D","09/14/2021 00:00:00",,"","Unknown",202109
202109,14,0,48603,1077620,"D","09/14/2021 00:00:00",,"","Unknown",202109
202109,12,0,48604,1077622,"D","09/12/2021 00:00:00",,"","Unknown",202109
202109,13,0,48605,1077624,"D","09/13/2021 00:00:00",,"","Unknown",202109
202109,12,0,48606,1077679,"D","09/12/2021 00:00:00",57,"F","Outside/Open Areas",202109
202106,1,0,47693,1060980,"I","06/01/2021 00:00:00",,"","Unknown",202106
202106,5,0,47694,1060981,"D","06/05/2021 00:00:00",,"","Unknown",202106
202106,6,0,47695,1060982,"D","06/06/2021 00:00:00",,"","Unknown",202106
202106,6,0,47696,1060982,"I","06/06/2021 00:00:00",,"","Unknown",202106
202106,6,0,47697,1060982,"I","06/06/2021 00:00:00",,"","Unknown",202106
202106,7,0,47873,1060983,"I","06/07/2021 00:00:00",,"","Unknown",202106
202106,12,0,47769,1060984,"D","06/12/2021 00:00:00",,"","Unknown",202106
202106,16,0,47770,1060984,"D","06/16/2021 00:00:00",,"","Unknown",202106
202106,16,0,47772,1060984,"D","06/16/2021 00:00:00",,"","Unknown",202106
202106,16,0,47773,1060984,"D","06/16/2021 00:00:00",,"","Unknown",202106
202106,17,0,47774,1060984,"D","06/17/2021 00:00:00",,"","Unknown",202106
202106,17,0,47775,1060984,"D","06/17/2021 00:00:00",,"","Unknown",202106
202106,17,0,47776,1060984,"D","06/17/2021 00:00:00",,"","Unknown",202106
202106,17,0,47777,1060984,"D","06/17/2021 00:00:00",,"","Unknown",202106
202106,18,0,47778,1060984,"D","06/18/2021 00:00:00",,"","Unknown",202106
202106,18,0,47779,1060984,"D","06/18/2021 00:00:00",,"","Unknown",202106
202106,18,0,47780,1060984,"D","06/18/2021 00:00:00",,"","Unknown",202106
202106,18,0,47781,1060984,"D","06/18/2021 00:00:00",,"","Unknown",202106
202106,18,0,47782,1060984,"D","06/18/2021 00:00:00",,"","Unknown",202106
202106,19,0,47784,1060984,"D","06/19/2021 00:00:00",,"","Unknown",202106
202106,19,0,47785,1060984,"D","06/19/2021 00:00:00",,"","Unknown",202106
202106,19,0,47786,1060984,"D","06/19/2021 00:00:00",,"","Unknown",202106
202106,19,0,47787,1060984,"D","06/19/2021 00:00:00",,"","Unknown",202106
202106,19,0,47788,1060984,"D","06/19/2021 00:00:00",,"","Unknown",202106
202106,19,0,47790,1060984,"D","06/19/2021 00:00:00",,"","Unknown",202106
202106,19,0,47791,1060984,"D","06/19/2021 00:00:00",,"","Unknown",202106
202106,19,0,47792,1060984,"I","06/19/2021 00:00:00",,"","Unknown",202106
202106,20,0,47793,1060984,"D","06/20/2021 00:00:00",,"","Unknown",202106
202106,20,0,47794,1060984,"D","06/20/2021 00:00:00",,"","Unknown",202106
202106,20,0,47796,1060984,"D","06/20/2021 00:00:00",,"","Unknown",202106
202106,20,0,47797,1060984,"I","06/20/2021 00:00:00",,"","Unknown",202106
202106,20,0,47798,1060984,"I","06/20/2021 00:00:00",,"","Unknown",202106
202106,21,0,47799,1060984,"I","06/21/2021 00:00:00",,"","Unknown",202106
202106,21,0,47800,1060984,"I","06/21/2021 00:00:00",,"","Unknown",202106
202106,21,0,47801,1060984,"I","06/21/2021 00:00:00",,"","Unknown",202106
202106,21,0,47802,1060984,"I","06/21/2021 00:00:00",,"","Unknown",202106
202106,22,0,47803,1060984,"I","06/22/2021 00:00:00",,"","Unknown",202106
202106,17,0,47808,1060985,"D","06/17/2021 00:00:00",,"","Unknown",202106
202106,18,0,47809,1060985,"D","06/18/2021 00:00:00",,"","Unknown",202106
202106,19,0,47811,1060985,"I","06/19/2021 00:00:00",,"","Unknown",202106
202106,16,0,47816,1060986,"D","06/16/2021 00:00:00",,"","Unknown",202106
202106,17,0,47817,1060986,"D","06/17/2021 00:00:00",,"","Unknown",202106
202106,17,0,47818,1060986,"D","06/17/2021 00:00:00",,"","Unknown",202106
202106,22,0,47819,1060986,"I","06/22/2021 00:00:00",,"","Unknown",202106
202106,14,0,47831,1060987,"D","06/14/2021 00:00:00",,"","Unknown",202106
202106,17,0,47832,1060987,"D","06/17/2021 00:00:00",,"","Unknown",202106
202106,18,0,47833,1060987,"D","06/18/2021 00:00:00",,"","Unknown",202106
202106,19,0,47834,1060987,"I","06/19/2021 00:00:00",,"","Unknown",202106
202106,19,0,47835,1060987,"I","06/19/2021 00:00:00",,"","Unknown",202106
202106,18,0,47830,1060988,"I","06/18/2021 00:00:00",,"","Unknown",202106
202106,16,0,47846,1060989,"D","06/16/2021 00:00:00",,"","Unknown",202106
202106,18,0,47847,1060989,"D","06/18/2021 00:00:00",,"","Unknown",202106
202106,18,0,47848,1060989,"D","06/18/2021 00:00:00",,"","Unknown",202106
202106,20,0,47849,1060989,"D","06/20/2021 00:00:00",,"","Unknown",202106
202106,21,0,47851,1060989,"I","06/21/2021 00:00:00",,"","Unknown",202106
202106,22,0,47852,1060989,"I","06/22/2021 00:00:00",,"","Unknown",202106
202106,22,0,47853,1060989,"I","06/22/2021 00:00:00",,"","Unknown",202106
202106,17,0,47854,1060990,"D","06/17/2021 00:00:00",,"","Unknown",202106
202106,18,0,47855,1060990,"D","06/18/2021 00:00:00",,"","Unknown",202106
202106,25,0,47856,1061109,"D","06/25/2021 00:00:00",,"","Unknown",202106
202106,26,0,47858,1061110,"I","06/26/2021 00:00:00",,"","Unknown",202106
202106,27,0,47859,1061112,"D","06/27/2021 00:00:00",,"","Unknown",202106
202110,14,0,44331,980123,"D","10/14/2021 00:00:00",5,"F","Vehicle/Towed Trailer",202110
202110,14,0,44332,980123,"D","10/14/2021 00:00:00",52,"F","Vehicle/Towed Trailer",202110
202110,11,0,44525,983977,"D","10/11/2021 00:00:00",24,"M","In Water",202110
202110,28,0,44526,984040,"D","10/28/2021 00:00:00",11,"M","Outside/Open Areas",202110
202110,26,0,44674,985589,"D","10/26/2021 00:00:00",79,"M","In Water",202110
202110,26,0,44673,985589,"D","10/26/2021 00:00:00",76,"F","Other",202110
202110,9,0,44614,986666,"D","10/09/2021 00:00:00",51,"M","In Water",202110
202110,12,0,44613,986668,"D","10/12/2021 00:00:00",78,"M","In Water",202110
202110,26,0,44636,987044,"D","10/26/2021 00:00:00",,"M","Outside/Open Areas",202110
202110,30,0,44785,988266,"D","10/30/2021 00:00:00",43,"M","In Water",202110
202110,6,0,44788,989399,"D","10/06/2021 00:00:00",4,"F","Vehicle/Towed Trailer",202110
202110,6,0,44789,989400,"D","10/06/2021 00:00:00",18,"F","Vehicle/Towed Trailer",202110
202110,24,0,44799,989895,"D","10/24/2021 00:00:00",22,"M","Vehicle/Towed Trailer",202110
202110,24,0,44800,989895,"D","10/24/2021 00:00:00",59,"F","Vehicle/Towed Trailer",202110
202110,27,0,44795,989914,"D","10/27/2021 00:00:00",,"F","Vehicle/Towed Trailer",202110
202110,6,0,44796,990000,"D","10/06/2021 00:00:00",23,"M","Vehicle/Towed Trailer",202110
202110,6,0,44797,990000,"D","10/06/2021 00:00:00",23,"F","Vehicle/Towed Trailer",202110
202110,6,0,45205,990176,"D","10/06/2021 00:00:00",67,"M","Vehicle/Towed Trailer",202110
202110,28,0,44840,991412,"D","10/28/2021 00:00:00",,"M","In Water",202110
202106,27,0,47860,1061113,"D","06/27/2021 00:00:00",,"","Unknown",202106
202106,28,0,47861,1061115,"D","06/28/2021 00:00:00",,"","Unknown",202106
202106,29,0,47862,1061116,"D","06/29/2021 00:00:00",,"","Unknown",202106
202106,29,0,47863,1061117,"I","06/29/2021 00:00:00",,"","Unknown",202106
202106,29,0,47864,1061117,"I","06/29/2021 00:00:00",,"","Unknown",202106
202106,29,0,47865,1061117,"I","06/29/2021 00:00:00",,"","Unknown",202106
202106,29,0,47866,1061118,"I","06/29/2021 00:00:00",,"","Unknown",202106
202106,30,0,47867,1061119,"I","06/30/2021 00:00:00",,"","Unknown",202106
202106,30,0,47868,1061119,"I","06/30/2021 00:00:00",,"","Unknown",202106
202106,30,0,47870,1061120,"I","06/30/2021 00:00:00",,"","Unknown",202106
202106,30,0,47871,1061120,"I","06/30/2021 00:00:00",,"","Unknown",202106
202106,30,0,47872,1061120,"I","06/30/2021 00:00:00",,"","Unknown",202106
202106,16,0,47771,1060984,"D","06/16/2021 00:00:00",,"","Unknown",202106
202106,19,0,47783,1060984,"D","06/19/2021 00:00:00",,"","Unknown",202106
202106,20,0,47795,1060984,"D","06/20/2021 00:00:00",,"","Unknown",202106
202106,19,0,47810,1060985,"D","06/19/2021 00:00:00",,"","Unknown",202106
202106,16,0,47845,1060989,"D","06/16/2021 00:00:00",,"","Unknown",202106
202106,25,0,47857,1061109,"D","06/25/2021 00:00:00",,"","Unknown",202106
202106,30,0,47869,1061120,"I","06/30/2021 00:00:00",,"","Unknown",202106
202106,19,0,47789,1060984,"D","06/19/2021 00:00:00",,"","Unknown",202106
202106,20,0,47850,1060989,"D","06/20/2021 00:00:00",,"","Unknown",202106
202102,21,0,42736,945776,"D","02/21/2021 00:00:00",32,"M","In Water",202102
202108,12,0,44474,978034,"D","08/12/2021 00:00:00",13,"M","Outside/Open Areas",202108
202105,5,0,47068,1057124,"D","05/05/2021 00:00:00",,"","Unknown",202105
202105,8,0,47069,1057125,"D","05/08/2021 00:00:00",,"","Unknown",202105
202105,12,0,47070,1057126,"D","05/12/2021 00:00:00",,"","Unknown",202105
202105,13,0,47071,1057127,"D","05/13/2021 00:00:00",,"","Unknown",202105
202105,13,0,47072,1057127,"I","05/13/2021 00:00:00",,"","Unknown",202105
202105,14,0,47075,1057128,"D","05/14/2021 00:00:00",,"","Unknown",202105
202105,16,0,47074,1057129,"D","05/16/2021 00:00:00",,"","Unknown",202105
